OrderDate,ShipperID,Quantity,ProductName,CategoryID,Unit,Price,Address,City,PostalCode,Country
1996-07-04,3,12,Queso Cabrales,4,1 kg pkg.,21.0,Keskuskatu 45,Helsinki,21240,Finland
1996-07-04,3,10,Singaporean Hokkien Fried Mee,5,32 - 1 kg pkgs.,14.0,Keskuskatu 45,Helsinki,21240,Finland
1996-07-04,3,5,Mozzarella di Giovanni,4,24 - 200 g pkgs.,34.8,Keskuskatu 45,Helsinki,21240,Finland
1996-07-05,1,9,Tofu,7,40 - 100 g pkgs.,23.25,"Av. Inês de Castro, 414",São Paulo,05634-030,Brazil
1996-07-05,1,40,Manjimup Dried Apples,7,50 - 300 g pkgs.,53.0,"Av. Inês de Castro, 414",São Paulo,05634-030,Brazil
1996-07-08,2,10,Jack's New England Clam Chowder,8,12 - 12 oz cans,9.65,"Rua do Paço, 67",Rio de Janeiro,05454-876,Brazil
1996-07-08,2,35,Manjimup Dried Apples,7,50 - 300 g pkgs.,53.0,"Rua do Paço, 67",Rio de Janeiro,05454-876,Brazil
1996-07-08,2,15,Louisiana Fiery Hot Pepper Sauce,2,32 - 8 oz bottles,21.05,"Rua do Paço, 67",Rio de Janeiro,05454-876,Brazil
1996-07-08,1,6,Gustaf's Knäckebröd,5,24 - 500 g pkgs.,21.0,"2, rue du Commerce",,69004,France
1996-07-08,1,15,Ravioli Angelo,5,24 - 250 g pkgs.,19.5,"2, rue du Commerce",,69004,France
1996-07-08,1,20,Louisiana Fiery Hot Pepper Sauce,2,32 - 8 oz bottles,21.05,"2, rue du Commerce",,69004,France
1996-07-09,2,40,Sir Rodney's Marmalade,3,30 gift boxes,81.0,"Boulevard Tirou, 255",Charleroi,B-6000,Belgium
1996-07-09,2,25,Geitost,4,500 g,2.5,"Boulevard Tirou, 255",Charleroi,B-6000,Belgium
1996-07-09,2,40,Camembert Pierrot,4,15 - 300 g rounds,34.0,"Boulevard Tirou, 255",Charleroi,B-6000,Belgium
1996-07-10,2,20,Gorgonzola Telino,4,12 - 100 g pkgs,12.5,"Rua do Paço, 67",Rio de Janeiro,05454-876,Brazil
1996-07-10,2,42,Chartreuse verte,1,750 cc per bottle,18.0,"Rua do Paço, 67",Rio de Janeiro,05454-876,Brazil
1996-07-10,2,40,Maxilaku,3,24 - 50 g pkgs.,20.0,"Rua do Paço, 67",Rio de Janeiro,05454-876,Brazil
1996-07-11,2,15,Guaraná Fantástica,1,12 - 355 ml cans,4.5,Hauptstr. 29,Bern,3012,Switzerland
1996-07-11,2,21,Pâté chinois,6,24 boxes x 2 pies,24.0,Hauptstr. 29,Bern,3012,Switzerland
1996-07-11,2,21,Longlife Tofu,7,5 kg pkg.,10.0,Hauptstr. 29,Bern,3012,Switzerland
1996-07-12,3,20,Chang,1,24 - 12 oz bottles,19.0,Grenzacherweg 237,Genève,1203,Switzerland
1996-07-12,3,35,Pavlova,3,32 - 500 g boxes,17.45,Grenzacherweg 237,Genève,1203,Switzerland
1996-07-12,3,25,Inlagd Sill,8,24 - 250 g jars,19.0,Grenzacherweg 237,Genève,1203,Switzerland
1996-07-12,3,30,Raclette Courdavault,4,5 kg pkg.,55.0,Grenzacherweg 237,Genève,1203,Switzerland
1996-07-15,2,15,Perth Pasties,6,48 pieces,32.8,"Rua do Mercado, 12",Resende,08737-363,Brazil
1996-07-15,2,12,Original Frankfurter grüne Soße,2,12 boxes,13.0,"Rua do Mercado, 12",Resende,08737-363,Brazil
1996-07-16,3,25,Schoggi Schokolade,3,100 - 100 g pieces,43.9,Carrera 22 con Ave. Carlos Soublette #8-35,San Cristóbal,5022,Venezuela
1996-07-16,3,6,Chartreuse verte,1,750 cc per bottle,18.0,Carrera 22 con Ave. Carlos Soublette #8-35,San Cristóbal,5022,Venezuela
1996-07-16,3,15,Original Frankfurter grüne Soße,2,12 boxes,13.0,Carrera 22 con Ave. Carlos Soublette #8-35,San Cristóbal,5022,Venezuela
1996-07-17,1,50,Chang,1,24 - 12 oz bottles,19.0,Kirchgasse 6,Graz,8010,Austria
1996-07-17,1,65,Chef Anton's Gumbo Mix,2,36 boxes,21.35,Kirchgasse 6,Graz,8010,Austria
1996-07-17,1,6,Mascarpone Fabioli,4,24 - 200 g pkgs.,32.0,Kirchgasse 6,Graz,8010,Austria
1996-07-18,3,10,Sir Rodney's Scones,3,24 pkgs. x 4 pieces,10.0,Sierras de Granada 9993,México D.F.,05022,Mexico
1996-07-18,3,1,Gravad lax,8,12 - 500 g pkgs.,26.0,Sierras de Granada 9993,México D.F.,05022,Mexico
1996-07-19,1,16,Jack's New England Clam Chowder,8,12 - 12 oz cans,9.65,2743 Bering St.,Anchorage,99508,USA
1996-07-19,1,50,Ravioli Angelo,5,24 - 250 g pkgs.,19.5,2743 Bering St.,Anchorage,99508,USA
1996-07-19,1,15,Tarte au sucre,3,48 pies,49.3,2743 Bering St.,Anchorage,99508,USA
1996-07-19,2,20,Sir Rodney's Scones,3,24 pkgs. x 4 pieces,10.0,"Rua da Panificadora, 12",Rio de Janeiro,02389-673,Brazil
1996-07-19,2,20,Steeleye Stout,1,24 - 12 oz bottles,18.0,"Rua da Panificadora, 12",Rio de Janeiro,02389-673,Brazil
1996-07-22,3,12,Chef Anton's Gumbo Mix,2,36 boxes,21.35,2817 Milton Dr.,Albuquerque,87110,USA
1996-07-22,3,15,Uncle Bob's Organic Dried Pears,7,12 - 1 lb pkgs.,30.0,2817 Milton Dr.,Albuquerque,87110,USA
1996-07-22,3,2,Gnocchi di nonna Alice,5,24 - 250 g pkgs.,38.0,2817 Milton Dr.,Albuquerque,87110,USA
1996-07-23,3,60,Pavlova,3,32 - 500 g boxes,17.45,Kirchgasse 6,Graz,8010,Austria
1996-07-23,3,28,Guaraná Fantástica,1,12 - 355 ml cans,4.5,Kirchgasse 6,Graz,8010,Austria
1996-07-23,3,60,Nord-Ost Matjeshering,8,10 - 200 g glasses,25.89,Kirchgasse 6,Graz,8010,Austria
1996-07-23,3,36,Longlife Tofu,7,5 kg pkg.,10.0,Kirchgasse 6,Graz,8010,Austria
1996-07-24,3,35,Chang,1,24 - 12 oz bottles,19.0,Åkergatan 24,Bräcke,0,Sweden
1996-07-24,3,25,Jack's New England Clam Chowder,8,12 - 12 oz cans,9.65,Åkergatan 24,Bräcke,0,Sweden
1996-07-25,1,30,Alice Mutton,6,20 - 1 kg tins,39.0,"24, place Kléber",,67000,France
1996-07-26,3,12,Queso Manchego La Pastora,4,10 - 500 g pkgs.,38.0,Torikatu 38,Oulu,90110,Finland
1996-07-29,1,50,Boston Crab Meat,8,24 - 4 oz tins,18.4,Berliner Platz 43,München,80805,Germany
1996-07-29,1,70,Raclette Courdavault,4,5 kg pkg.,55.0,Berliner Platz 43,München,80805,Germany
1996-07-29,1,15,Lakkalikööri,1,500 ml,18.0,Berliner Platz 43,München,80805,Germany
1996-07-30,3,10,Thüringer Rostbratwurst,6,50 bags x 30 sausgs.,123.79,5ª Ave. Los Palos Grandes,Caracas,1081,Venezuela
1996-07-30,3,4,Mozzarella di Giovanni,4,24 - 200 g pkgs.,34.8,5ª Ave. Los Palos Grandes,Caracas,1081,Venezuela
1996-07-31,1,60,Geitost,4,500 g,2.5,305 - 14th Ave. S. Suite 3B,Seattle,98128,USA
1996-07-31,1,20,Mozzarella di Giovanni,4,24 - 200 g pkgs.,34.8,305 - 14th Ave. S. Suite 3B,Seattle,98128,USA
1996-08-01,1,30,Inlagd Sill,8,24 - 250 g jars,19.0,Torikatu 38,Oulu,90110,Finland
1996-08-01,1,25,Ipoh Coffee,1,16 - 500 g tins,46.0,Torikatu 38,Oulu,90110,Finland
1996-08-01,2,24,Geitost,4,500 g,2.5,P.O. Box 555,Lander,82520,USA
1996-08-02,2,6,Sir Rodney's Marmalade,3,30 gift boxes,81.0,2817 Milton Dr.,Albuquerque,87110,USA
1996-08-02,2,40,Gorgonzola Telino,4,12 - 100 g pkgs,12.5,2817 Milton Dr.,Albuquerque,87110,USA
1996-08-02,2,24,Mozzarella di Giovanni,4,24 - 200 g pkgs.,34.8,2817 Milton Dr.,Albuquerque,87110,USA
1996-08-05,3,24,Ikura,8,12 - 200 ml jars,31.0,Taucherstraße 10,Cunewalde,01307,Germany
1996-08-05,3,15,Gorgonzola Telino,4,12 - 100 g pkgs,12.5,Taucherstraße 10,Cunewalde,01307,Germany
1996-08-05,3,20,Geitost,4,500 g,2.5,Taucherstraße 10,Cunewalde,01307,Germany
1996-08-05,3,60,Boston Crab Meat,8,24 - 4 oz tins,18.4,Taucherstraße 10,Cunewalde,01307,Germany
1996-08-05,3,33,Lakkalikööri,1,500 ml,18.0,Taucherstraße 10,Cunewalde,01307,Germany
1996-08-06,1,20,Fløtemysost,4,10 - 500 g pkgs.,21.5,59 rue de l'Abbaye,,51100,France
1996-08-06,1,7,Mozzarella di Giovanni,4,24 - 200 g pkgs.,34.8,59 rue de l'Abbaye,,51100,France
1996-08-07,1,12,Guaraná Fantástica,1,12 - 355 ml cans,4.5,Via Ludovico il Moro 22,Bergamo,24100,Italy
1996-08-07,1,6,Raclette Courdavault,4,5 kg pkg.,55.0,Via Ludovico il Moro 22,Bergamo,24100,Italy
1996-08-08,3,15,Ikura,8,12 - 200 ml jars,31.0,Avda. Azteca 123,México D.F.,05033,Mexico
1996-08-08,3,10,Konbu,8,2 kg box,6.0,Avda. Azteca 123,México D.F.,05033,Mexico
1996-08-09,3,20,Rössle Sauerkraut,7,25 - 825 g cans,45.6,Heerstr. 22,Leipzig,04179,Germany
1996-08-09,3,12,Tarte au sucre,3,48 pies,49.3,Heerstr. 22,Leipzig,04179,Germany
1996-08-12,2,16,Gula Malacca,2,20 - 2 kg bags,19.45,Berguvsvägen 8,Luleå,S-958 22,Sweden
1996-08-12,2,15,Raclette Courdavault,4,5 kg pkg.,55.0,Berguvsvägen 8,Luleå,S-958 22,Sweden
1996-08-12,2,8,Vegie-spread,2,15 - 625 g jars,43.9,Berguvsvägen 8,Luleå,S-958 22,Sweden
1996-08-12,2,25,Röd Kaviar,8,24 - 150 g jars,15.0,Berguvsvägen 8,Luleå,S-958 22,Sweden
1996-08-13,2,15,Alice Mutton,6,20 - 1 kg tins,39.0,Magazinweg 7,Frankfurt a.M.,60528,Germany
1996-08-14,1,12,Guaraná Fantástica,1,12 - 355 ml cans,4.5,Berguvsvägen 8,Luleå,S-958 22,Sweden
1996-08-14,1,20,Pâté chinois,6,24 boxes x 2 pies,24.0,Berguvsvägen 8,Luleå,S-958 22,Sweden
1996-08-14,1,30,Rhönbräu Klosterbier,1,24 - 0.5 l bottles,7.75,Berguvsvägen 8,Luleå,S-958 22,Sweden
1996-08-14,1,1,Teatime Chocolate Biscuits,3,10 boxes x 12 pieces,9.2,"Gran Vía, 1",Madrid,28001,Spain
1996-08-14,1,6,Guaraná Fantástica,1,12 - 355 ml cans,4.5,"Gran Vía, 1",Madrid,28001,Spain
1996-08-14,1,4,Steeleye Stout,1,24 - 12 oz bottles,18.0,"Gran Vía, 1",Madrid,28001,Spain
1996-08-15,1,6,Nord-Ost Matjeshering,8,10 - 200 g glasses,25.89,"Gran Vía, 1",Madrid,28001,Spain
1996-08-15,1,2,Ravioli Angelo,5,24 - 250 g pkgs.,19.5,"Gran Vía, 1",Madrid,28001,Spain
1996-08-16,3,20,Genen Shouyu,2,24 - 250 ml bottles,15.5,Carrera 52 con Ave. Bolívar #65-98 Llano Largo,Barquisimeto,3508,Venezuela
1996-08-16,3,18,Teatime Chocolate Biscuits,3,10 boxes x 12 pieces,9.2,Carrera 52 con Ave. Bolívar #65-98 Llano Largo,Barquisimeto,3508,Venezuela
1996-08-16,3,35,Camembert Pierrot,4,15 - 300 g rounds,34.0,Carrera 52 con Ave. Bolívar #65-98 Llano Largo,Barquisimeto,3508,Venezuela
1996-08-16,3,3,Mozzarella di Giovanni,4,24 - 200 g pkgs.,34.8,Carrera 52 con Ave. Bolívar #65-98 Llano Largo,Barquisimeto,3508,Venezuela
1996-08-19,1,15,Schoggi Schokolade,3,100 - 100 g pieces,43.9,Magazinweg 7,Frankfurt a.M.,60528,Germany
1996-08-19,1,21,Gula Malacca,2,20 - 2 kg bags,19.45,Magazinweg 7,Frankfurt a.M.,60528,Germany
1996-08-19,1,20,Camembert Pierrot,4,15 - 300 g rounds,34.0,Magazinweg 7,Frankfurt a.M.,60528,Germany
1996-08-20,2,45,Chais,1,10 boxes x 20 bags,20.0,Taucherstraße 10,Cunewalde,01307,Germany
1996-08-20,2,40,Boston Crab Meat,8,24 - 4 oz tins,18.4,Taucherstraße 10,Cunewalde,01307,Germany
1996-08-20,2,36,Perth Pasties,6,48 pieces,32.8,Taucherstraße 10,Cunewalde,01307,Germany
1996-08-21,3,100,Steeleye Stout,1,24 - 12 oz bottles,18.0,Taucherstraße 10,Cunewalde,01307,Germany
1996-08-21,3,40,Tarte au sucre,3,48 pies,49.3,Taucherstraße 10,Cunewalde,01307,Germany
1996-08-22,3,40,Pavlova,3,32 - 500 g boxes,17.45,"Av. Copacabana, 267",Rio de Janeiro,02389-890,Brazil
1996-08-22,3,15,Spegesild,8,4 - 450 g glasses,12.0,"Av. Copacabana, 267",Rio de Janeiro,02389-890,Brazil
1996-08-23,1,10,Tourtière,6,16 pies,7.45,Strada Provinciale 124,Reggio Emilia,42100,Italy
1996-08-23,1,3,Scottish Longbreads,3,10 boxes x 8 pieces,12.5,Strada Provinciale 124,Reggio Emilia,42100,Italy
1996-08-26,3,30,Aniseed Syrup,2,12 - 550 ml bottles,10.0,Fauntleroy Circus,London,EC2 5NT,UK
1996-08-26,3,9,Wimmers gute Semmelknödel,5,20 bags x 4 pieces,33.25,Fauntleroy Circus,London,EC2 5NT,UK
1996-08-27,1,20,Chef Anton's Gumbo Mix,2,36 boxes,21.35,"Av. dos Lusíadas, 23",São Paulo,05432-043,Brazil
1996-08-27,1,15,Thüringer Rostbratwurst,6,50 bags x 30 sausgs.,123.79,"Av. dos Lusíadas, 23",São Paulo,05432-043,Brazil
1996-08-27,1,15,Maxilaku,3,24 - 50 g pkgs.,20.0,"Av. dos Lusíadas, 23",São Paulo,05432-043,Brazil
1996-08-27,1,10,Original Frankfurter grüne Soße,2,12 boxes,13.0,"Av. dos Lusíadas, 23",São Paulo,05432-043,Brazil
1996-08-27,2,20,Konbu,8,2 kg box,6.0,"Rua da Panificadora, 12",Rio de Janeiro,02389-673,Brazil
1996-08-27,2,24,Gula Malacca,2,20 - 2 kg bags,19.45,"Rua da Panificadora, 12",Rio de Janeiro,02389-673,Brazil
1996-08-27,2,2,Manjimup Dried Apples,7,50 - 300 g pkgs.,53.0,"Rua da Panificadora, 12",Rio de Janeiro,02389-673,Brazil
1996-08-28,2,20,Sir Rodney's Marmalade,3,30 gift boxes,81.0,"Av. Inês de Castro, 414",São Paulo,05634-030,Brazil
1996-08-29,3,12,Carnarvon Tigers,8,16 kg pkg.,62.5,Avda. Azteca 123,México D.F.,05033,Mexico
1996-08-29,3,10,Guaraná Fantástica,1,12 - 355 ml cans,4.5,Avda. Azteca 123,México D.F.,05033,Mexico
1996-08-29,3,5,Vegie-spread,2,15 - 625 g jars,43.9,Avda. Azteca 123,México D.F.,05033,Mexico
1996-08-29,3,6,Rhönbräu Klosterbier,1,24 - 0.5 l bottles,7.75,Avda. Azteca 123,México D.F.,05033,Mexico
1996-08-30,2,18,Chais,1,10 boxes x 20 bags,20.0,2817 Milton Dr.,Albuquerque,87110,USA
1996-08-30,2,15,Alice Mutton,6,20 - 1 kg tins,39.0,2817 Milton Dr.,Albuquerque,87110,USA
1996-08-30,2,15,Ipoh Coffee,1,16 - 500 g tins,46.0,2817 Milton Dr.,Albuquerque,87110,USA
1996-08-30,2,21,Camembert Pierrot,4,15 - 300 g rounds,34.0,2817 Milton Dr.,Albuquerque,87110,USA
1996-08-30,2,6,Rhönbräu Klosterbier,1,24 - 0.5 l bottles,7.75,2817 Milton Dr.,Albuquerque,87110,USA
1996-09-02,2,4,Gnocchi di nonna Alice,5,24 - 250 g pkgs.,38.0,59 rue de l'Abbaye,,51100,France
1996-09-03,1,12,Queso Cabrales,4,1 kg pkg.,21.0,Carrera 52 con Ave. Bolívar #65-98 Llano Largo,Barquisimeto,3508,Venezuela
1996-09-03,1,30,Pavlova,3,32 - 500 g boxes,17.45,Carrera 52 con Ave. Bolívar #65-98 Llano Largo,Barquisimeto,3508,Venezuela
1996-09-03,1,15,Gudbrandsdalsost,4,10 kg pkg.,36.0,Carrera 52 con Ave. Bolívar #65-98 Llano Largo,Barquisimeto,3508,Venezuela
1996-09-04,2,60,Chartreuse verte,1,750 cc per bottle,18.0,"24, place Kléber",,67000,France
1996-09-04,2,20,Mozzarella di Giovanni,4,24 - 200 g pkgs.,34.8,"24, place Kléber",,67000,France
1996-09-05,2,40,Chang,1,24 - 12 oz bottles,19.0,8 Johnstown Road,Cork,,Ireland
1996-09-05,2,40,Inlagd Sill,8,24 - 250 g jars,19.0,8 Johnstown Road,Cork,,Ireland
1996-09-05,2,30,Raclette Courdavault,4,5 kg pkg.,55.0,8 Johnstown Road,Cork,,Ireland
1996-09-05,2,15,Tarte au sucre,3,48 pies,49.3,8 Johnstown Road,Cork,,Ireland
1996-09-06,2,15,Teatime Chocolate Biscuits,3,10 boxes x 12 pieces,9.2,"Av. Copacabana, 267",Rio de Janeiro,02389-890,Brazil
1996-09-09,2,30,Louisiana Hot Spiced Okra,2,24 - 8 oz jars,17.0,Via Ludovico il Moro 22,Bergamo,24100,Italy
1996-09-09,2,20,Scottish Longbreads,3,10 boxes x 8 pieces,12.5,Via Ludovico il Moro 22,Bergamo,24100,Italy
1996-09-09,2,10,Boston Crab Meat,8,24 - 4 oz tins,18.4,Adenauerallee 900,Stuttgart,70563,Germany
1996-09-09,2,20,Gnocchi di nonna Alice,5,24 - 250 g pkgs.,38.0,Adenauerallee 900,Stuttgart,70563,Germany
1996-09-10,2,40,Alice Mutton,6,20 - 1 kg tins,39.0,"Boulevard Tirou, 255",Charleroi,B-6000,Belgium
1996-09-10,2,28,Rössle Sauerkraut,7,25 - 825 g cans,45.6,"Boulevard Tirou, 255",Charleroi,B-6000,Belgium
1996-09-10,2,12,Ipoh Coffee,1,16 - 500 g tins,46.0,"Boulevard Tirou, 255",Charleroi,B-6000,Belgium
1996-09-11,2,40,Boston Crab Meat,8,24 - 4 oz tins,18.4,"C/ Romero, 33",Sevilla,41101,Spain
1996-09-11,2,30,Louisiana Fiery Hot Pepper Sauce,2,32 - 8 oz bottles,21.05,"C/ Romero, 33",Sevilla,41101,Spain
1996-09-11,2,15,Scottish Longbreads,3,10 boxes x 8 pieces,12.5,"C/ Romero, 33",Sevilla,41101,Spain
1996-09-12,2,30,Maxilaku,3,24 - 50 g pkgs.,20.0,Avda. Azteca 123,México D.F.,05033,Mexico
1996-09-12,2,10,Raclette Courdavault,4,5 kg pkg.,55.0,Avda. Azteca 123,México D.F.,05033,Mexico
1996-09-12,2,2,Fløtemysost,4,10 - 500 g pkgs.,21.5,Avda. Azteca 123,México D.F.,05033,Mexico
1996-09-13,3,25,Carnarvon Tigers,8,16 kg pkg.,62.5,2743 Bering St.,Anchorage,99508,USA
1996-09-13,3,25,Thüringer Rostbratwurst,6,50 bags x 30 sausgs.,123.79,2743 Bering St.,Anchorage,99508,USA
1996-09-13,3,30,Chartreuse verte,1,750 cc per bottle,18.0,2743 Bering St.,Anchorage,99508,USA
1996-09-16,3,10,Nord-Ost Matjeshering,8,10 - 200 g glasses,25.89,"Gran Vía, 1",Madrid,28001,Spain
1996-09-16,3,10,Perth Pasties,6,48 pieces,32.8,"Gran Vía, 1",Madrid,28001,Spain
1996-09-16,3,5,Tourtière,6,16 pies,7.45,"Gran Vía, 1",Madrid,28001,Spain
1996-09-17,2,10,Tarte au sucre,3,48 pies,49.3,89 Chiaroscuro Rd.,Portland,97219,USA
1996-09-17,2,3,Scottish Longbreads,3,10 boxes x 8 pieces,12.5,89 Chiaroscuro Rd.,Portland,97219,USA
1996-09-18,3,1,Gudbrandsdalsost,4,10 kg pkg.,36.0,Avda. de la Constitución 2222,México D.F.,05021,Mexico
1996-09-19,1,20,Chef Anton's Cajun Seasoning,2,48 - 6 oz jars,22.0,8 Johnstown Road,Cork,,Ireland
1996-09-19,1,30,Grandma's Boysenberry Spread,2,12 - 8 oz jars,25.0,8 Johnstown Road,Cork,,Ireland
1996-09-19,1,2,Singaporean Hokkien Fried Mee,5,32 - 1 kg pkgs.,14.0,8 Johnstown Road,Cork,,Ireland
1996-09-19,1,20,Ipoh Coffee,1,16 - 500 g tins,46.0,8 Johnstown Road,Cork,,Ireland
1996-09-19,1,3,Fløtemysost,4,10 - 500 g pkgs.,21.5,8 Johnstown Road,Cork,,Ireland
1996-09-20,2,10,Pavlova,3,32 - 500 g boxes,17.45,89 Jefferson Way Suite 2,Portland,97201,USA
1996-09-20,2,5,Tarte au sucre,3,48 pies,49.3,89 Jefferson Way Suite 2,Portland,97201,USA
1996-09-20,3,6,Singaporean Hokkien Fried Mee,5,32 - 1 kg pkgs.,14.0,"67, rue des Cinquante Otages",,44000,France
1996-09-20,3,7,Gudbrandsdalsost,4,10 kg pkg.,36.0,"67, rue des Cinquante Otages",,44000,France
1996-09-23,2,4,Rössle Sauerkraut,7,25 - 825 g cans,45.6,Adenauerallee 900,Stuttgart,70563,Germany
1996-09-23,2,24,Ipoh Coffee,1,16 - 500 g tins,46.0,Adenauerallee 900,Stuttgart,70563,Germany
1996-09-23,2,20,Perth Pasties,6,48 pieces,32.8,Adenauerallee 900,Stuttgart,70563,Germany
1996-09-23,2,10,Rhönbräu Klosterbier,1,24 - 0.5 l bottles,7.75,Adenauerallee 900,Stuttgart,70563,Germany
1996-09-24,2,12,Inlagd Sill,8,24 - 250 g jars,19.0,Taucherstraße 10,Cunewalde,01307,Germany
1996-09-25,2,40,Mascarpone Fabioli,4,24 - 200 g pkgs.,32.0,2817 Milton Dr.,Albuquerque,87110,USA
1996-09-25,2,30,Escargots de Bourgogne,8,24 pieces,13.25,2817 Milton Dr.,Albuquerque,87110,USA
1996-09-25,2,25,Tarte au sucre,3,48 pies,49.3,2817 Milton Dr.,Albuquerque,87110,USA
1996-09-27,3,10,Jack's New England Clam Chowder,8,12 - 12 oz cans,9.65,2817 Milton Dr.,Albuquerque,87110,USA
1996-09-27,3,70,Tarte au sucre,3,48 pies,49.3,2817 Milton Dr.,Albuquerque,87110,USA
1996-09-30,1,20,Chais,1,10 boxes x 20 bags,20.0,89 Chiaroscuro Rd.,Portland,97219,USA
1996-10-01,2,20,Jack's New England Clam Chowder,8,12 - 12 oz cans,9.65,Garden House Crowther Way,Cowes,PO31 7PJ,UK
1996-10-01,2,6,Lakkalikööri,1,500 ml,18.0,Garden House Crowther Way,Cowes,PO31 7PJ,UK
1996-10-02,3,8,Alice Mutton,6,20 - 1 kg tins,39.0,Avda. Azteca 123,México D.F.,05033,Mexico
1996-10-02,3,14,Rössle Sauerkraut,7,25 - 825 g cans,45.6,Avda. Azteca 123,México D.F.,05033,Mexico
1996-10-02,3,30,Lakkalikööri,1,500 ml,18.0,Avda. Azteca 123,México D.F.,05033,Mexico
1996-10-03,3,30,Fløtemysost,4,10 - 500 g pkgs.,21.5,Torikatu 38,Oulu,90110,Finland
1996-10-03,2,10,Steeleye Stout,1,24 - 12 oz bottles,18.0,Garden House Crowther Way,Cowes,PO31 7PJ,UK
1996-10-04,3,20,Filo Mix,5,16 - 2 kg boxes,7.0,Calle Dr. Jorge Cash 321,México D.F.,05033,Mexico
1996-10-07,1,5,Genen Shouyu,2,24 - 250 ml bottles,15.5,Maubelstr. 90,Brandenburg,14776,Germany
1996-10-07,1,4,NuNuCa Nuß-Nougat-Creme,3,20 - 450 g glasses,14.0,Maubelstr. 90,Brandenburg,14776,Germany
1996-10-07,1,4,Chartreuse verte,1,750 cc per bottle,18.0,Maubelstr. 90,Brandenburg,14776,Germany
1996-10-08,1,21,Pavlova,3,32 - 500 g boxes,17.45,187 Suffolk Ln.,Boise,83720,USA
1996-10-08,1,70,Steeleye Stout,1,24 - 12 oz bottles,18.0,187 Suffolk Ln.,Boise,83720,USA
1996-10-08,1,30,Spegesild,8,4 - 450 g glasses,12.0,187 Suffolk Ln.,Boise,83720,USA
1996-10-08,1,40,Raclette Courdavault,4,5 kg pkg.,55.0,187 Suffolk Ln.,Boise,83720,USA
1996-10-08,1,80,Vegie-spread,2,15 - 625 g jars,43.9,187 Suffolk Ln.,Boise,83720,USA
1996-10-09,3,6,Grandma's Boysenberry Spread,2,12 - 8 oz jars,25.0,Maubelstr. 90,Brandenburg,14776,Germany
1996-10-09,3,12,Konbu,8,2 kg box,6.0,Maubelstr. 90,Brandenburg,14776,Germany
1996-10-09,3,9,Tofu,7,40 - 100 g pkgs.,23.25,Maubelstr. 90,Brandenburg,14776,Germany
1996-10-09,3,4,Gorgonzola Telino,4,12 - 100 g pkgs,12.5,Maubelstr. 90,Brandenburg,14776,Germany
1996-10-09,3,40,Mozzarella di Giovanni,4,24 - 200 g pkgs.,34.8,Maubelstr. 90,Brandenburg,14776,Germany
1996-10-10,2,24,Chef Anton's Cajun Seasoning,2,48 - 6 oz jars,22.0,"C/ Araquil, 67",Madrid,28023,Spain
1996-10-10,2,16,Ravioli Angelo,5,24 - 250 g pkgs.,19.5,"C/ Araquil, 67",Madrid,28023,Spain
1996-10-10,2,50,Rhönbräu Klosterbier,1,24 - 0.5 l bottles,7.75,"C/ Araquil, 67",Madrid,28023,Spain
1996-10-11,1,25,Chang,1,24 - 12 oz bottles,19.0,Åkergatan 24,Bräcke,0,Sweden
1996-10-11,1,50,Queso Cabrales,4,1 kg pkg.,21.0,Åkergatan 24,Bräcke,0,Sweden
1996-10-11,1,35,Nord-Ost Matjeshering,8,10 - 200 g glasses,25.89,Åkergatan 24,Bräcke,0,Sweden
1996-10-11,1,30,Escargots de Bourgogne,8,24 pieces,13.25,Åkergatan 24,Bräcke,0,Sweden
1996-10-14,3,9,Raclette Courdavault,4,5 kg pkg.,55.0,Jardim das rosas n. 32,Lisboa,1675,Portugal
1996-10-14,3,40,Louisiana Fiery Hot Pepper Sauce,2,32 - 8 oz bottles,21.05,Jardim das rosas n. 32,Lisboa,1675,Portugal
1996-10-14,3,10,Scottish Longbreads,3,10 boxes x 8 pieces,12.5,Jardim das rosas n. 32,Lisboa,1675,Portugal
1996-10-15,2,10,Teatime Chocolate Biscuits,3,10 boxes x 12 pieces,9.2,P.O. Box 555,Lander,82520,USA
1996-10-15,2,8,Nord-Ost Matjeshering,8,10 - 200 g glasses,25.89,P.O. Box 555,Lander,82520,USA
1996-10-15,2,20,Côte de Blaye,1,12 - 75 cl bottles,263.5,P.O. Box 555,Lander,82520,USA
1996-10-15,2,12,Gnocchi di nonna Alice,5,24 - 250 g pkgs.,38.0,P.O. Box 555,Lander,82520,USA
1996-10-16,1,50,Gumbär Gummibärchen,3,100 - 250 g bags,31.23,Carrera 52 con Ave. Bolívar #65-98 Llano Largo,Barquisimeto,3508,Venezuela
1996-10-16,1,25,Mozzarella di Giovanni,4,24 - 200 g pkgs.,34.8,Carrera 52 con Ave. Bolívar #65-98 Llano Largo,Barquisimeto,3508,Venezuela
1996-10-16,1,15,Tourtière,6,16 pies,7.45,"12, rue des Bouchers",,13008,France
1996-10-17,2,40,Carnarvon Tigers,8,16 kg pkg.,62.5,43 rue St. Laurent,Montréal,H1J 1C3,Canada
1996-10-17,2,10,Singaporean Hokkien Fried Mee,5,32 - 1 kg pkgs.,14.0,43 rue St. Laurent,Montréal,H1J 1C3,Canada
1996-10-17,2,16,Zaanse koeken,3,10 - 4 oz boxes,9.5,43 rue St. Laurent,Montréal,H1J 1C3,Canada
1996-10-18,3,10,Tofu,7,40 - 100 g pkgs.,23.25,Torikatu 38,Oulu,90110,Finland
1996-10-18,3,10,Sir Rodney's Scones,3,24 pkgs. x 4 pieces,10.0,Torikatu 38,Oulu,90110,Finland
1996-10-18,3,40,Fløtemysost,4,10 - 500 g pkgs.,21.5,Torikatu 38,Oulu,90110,Finland
1996-10-21,2,8,Filo Mix,5,16 - 2 kg boxes,7.0,"2, rue du Commerce",,69004,France
1996-10-21,2,10,Scottish Longbreads,3,10 boxes x 8 pieces,12.5,"2, rue du Commerce",,69004,France
1996-10-22,2,7,Chang,1,24 - 12 oz bottles,19.0,8 Johnstown Road,Cork,,Ireland
1996-10-22,2,25,Gorgonzola Telino,4,12 - 100 g pkgs,12.5,8 Johnstown Road,Cork,,Ireland
1996-10-22,2,6,Mascarpone Fabioli,4,24 - 200 g pkgs.,32.0,8 Johnstown Road,Cork,,Ireland
1996-10-22,2,48,Manjimup Dried Apples,7,50 - 300 g pkgs.,53.0,8 Johnstown Road,Cork,,Ireland
1996-10-23,2,18,Chef Anton's Cajun Seasoning,2,48 - 6 oz jars,22.0,Estrada da saúde n. 58,Lisboa,1756,Portugal
1996-10-24,3,40,Tunnbröd,5,12 - 250 g pkgs.,9.0,Berliner Platz 43,München,80805,Germany
1996-10-24,3,24,Gumbär Gummibärchen,3,100 - 250 g bags,31.23,Berliner Platz 43,München,80805,Germany
1996-10-24,3,20,Inlagd Sill,8,24 - 250 g jars,19.0,Berliner Platz 43,München,80805,Germany
1996-10-24,3,28,Gravad lax,8,12 - 500 g pkgs.,26.0,Berliner Platz 43,München,80805,Germany
1996-10-24,3,25,Mozzarella di Giovanni,4,24 - 200 g pkgs.,34.8,Berliner Platz 43,München,80805,Germany
1996-10-25,3,20,Alice Mutton,6,20 - 1 kg tins,39.0,2743 Bering St.,Anchorage,99508,USA
1996-10-25,3,15,Nord-Ost Matjeshering,8,10 - 200 g glasses,25.89,2743 Bering St.,Anchorage,99508,USA
1996-10-28,2,10,Chef Anton's Cajun Seasoning,2,48 - 6 oz jars,22.0,43 rue St. Laurent,Montréal,H1J 1C3,Canada
1996-10-28,2,70,Alice Mutton,6,20 - 1 kg tins,39.0,43 rue St. Laurent,Montréal,H1J 1C3,Canada
1996-10-28,2,28,Tarte au sucre,3,48 pies,49.3,43 rue St. Laurent,Montréal,H1J 1C3,Canada
1996-10-29,3,20,Carnarvon Tigers,8,16 kg pkg.,62.5,"12, rue des Bouchers",,13008,France
1996-10-29,3,12,Jack's New England Clam Chowder,8,12 - 12 oz cans,9.65,"12, rue des Bouchers",,13008,France
1996-10-29,3,40,Ipoh Coffee,1,16 - 500 g tins,46.0,"12, rue des Bouchers",,13008,France
1996-10-29,3,8,Geitost,4,500 g,2.5,Vinbæltet 34,,1734,Denmark
1996-10-29,3,9,Raclette Courdavault,4,5 kg pkg.,55.0,Vinbæltet 34,,1734,Denmark
1996-10-30,2,24,Chang,1,24 - 12 oz bottles,19.0,Berliner Platz 43,München,80805,Germany
1996-10-30,2,56,Gorgonzola Telino,4,12 - 100 g pkgs,12.5,Berliner Platz 43,München,80805,Germany
1996-10-30,2,40,Inlagd Sill,8,24 - 250 g jars,19.0,Berliner Platz 43,München,80805,Germany
1996-10-30,2,40,Pâté chinois,6,24 boxes x 2 pies,24.0,Berliner Platz 43,München,80805,Germany
1996-10-31,1,50,Wimmers gute Semmelknödel,5,20 bags x 4 pieces,33.25,Magazinweg 7,Frankfurt a.M.,60528,Germany
1996-10-31,1,4,Scottish Longbreads,3,10 boxes x 8 pieces,12.5,Magazinweg 7,Frankfurt a.M.,60528,Germany
1996-10-31,1,15,Lakkalikööri,1,500 ml,18.0,Magazinweg 7,Frankfurt a.M.,60528,Germany
1996-11-01,2,35,Chef Anton's Cajun Seasoning,2,48 - 6 oz jars,22.0,305 - 14th Ave. S. Suite 3B,Seattle,98128,USA
1996-11-01,2,70,Northwoods Cranberry Sauce,2,12 - 12 oz jars,40.0,305 - 14th Ave. S. Suite 3B,Seattle,98128,USA
1996-11-04,2,70,Northwoods Cranberry Sauce,2,12 - 12 oz jars,40.0,Taucherstraße 10,Cunewalde,01307,Germany
1996-11-04,2,80,Teatime Chocolate Biscuits,3,10 boxes x 12 pieces,9.2,Taucherstraße 10,Cunewalde,01307,Germany
1996-11-04,2,9,Singaporean Hokkien Fried Mee,5,32 - 1 kg pkgs.,14.0,Taucherstraße 10,Cunewalde,01307,Germany
1996-11-05,3,36,Alice Mutton,6,20 - 1 kg tins,39.0,2817 Milton Dr.,Albuquerque,87110,USA
1996-11-05,3,20,Gnocchi di nonna Alice,5,24 - 250 g pkgs.,38.0,2817 Milton Dr.,Albuquerque,87110,USA
1996-11-06,3,10,NuNuCa Nuß-Nougat-Creme,3,20 - 450 g glasses,14.0,"Rua Orós, 92",São Paulo,05442-030,Brazil
1996-11-06,3,50,Chartreuse verte,1,750 cc per bottle,18.0,"Rua Orós, 92",São Paulo,05442-030,Brazil
1996-11-06,3,4,Boston Crab Meat,8,24 - 4 oz tins,18.4,"Rua Orós, 92",São Paulo,05442-030,Brazil
1996-11-06,3,6,Rhönbräu Klosterbier,1,24 - 0.5 l bottles,7.75,"Rua Orós, 92",São Paulo,05442-030,Brazil
1996-11-07,2,15,Chais,1,10 boxes x 20 bags,20.0,Adenauerallee 900,Stuttgart,70563,Germany
1996-11-07,2,25,Tunnbröd,5,12 - 250 g pkgs.,9.0,Adenauerallee 900,Stuttgart,70563,Germany
1996-11-08,1,24,Tourtière,6,16 pies,7.45,P.O. Box 555,Lander,82520,USA
1996-11-11,2,15,Valkoinen suklaa,3,12 - 100 g bars,16.25,1 rue Alsace-Lorraine,,31000,France
1996-11-11,2,18,Gudbrandsdalsost,4,10 kg pkg.,36.0,1 rue Alsace-Lorraine,,31000,France
1996-11-11,1,20,Côte de Blaye,1,12 - 75 cl bottles,263.5,Kirchgasse 6,Graz,8010,Austria
1996-11-11,1,13,Jack's New England Clam Chowder,8,12 - 12 oz cans,9.65,Kirchgasse 6,Graz,8010,Austria
1996-11-11,1,77,Gula Malacca,2,20 - 2 kg bags,19.45,Kirchgasse 6,Graz,8010,Austria
1996-11-11,1,10,Louisiana Fiery Hot Pepper Sauce,2,32 - 8 oz bottles,21.05,Kirchgasse 6,Graz,8010,Austria
1996-11-12,3,10,Guaraná Fantástica,1,12 - 355 ml cans,4.5,Jardim das rosas n. 32,Lisboa,1675,Portugal
1996-11-12,3,20,Tourtière,6,16 pies,7.45,Jardim das rosas n. 32,Lisboa,1675,Portugal
1996-11-13,3,12,Queso Cabrales,4,1 kg pkg.,21.0,Geislweg 14,Salzburg,5020,Austria
1996-11-13,3,50,Côte de Blaye,1,12 - 75 cl bottles,263.5,Geislweg 14,Salzburg,5020,Austria
1996-11-14,3,12,Chais,1,10 boxes x 20 bags,20.0,Calle Dr. Jorge Cash 321,México D.F.,05033,Mexico
1996-11-14,3,4,Thüringer Rostbratwurst,6,50 bags x 30 sausgs.,123.79,Calle Dr. Jorge Cash 321,México D.F.,05033,Mexico
1996-11-15,1,25,Guaraná Fantástica,1,12 - 355 ml cans,4.5,120 Hanover Sq.,London,WA1 1DP,UK
1996-11-15,1,25,Ravioli Angelo,5,24 - 250 g pkgs.,19.5,120 Hanover Sq.,London,WA1 1DP,UK
1996-11-18,2,30,Gorgonzola Telino,4,12 - 100 g pkgs,12.5,Adenauerallee 900,Stuttgart,70563,Germany
1996-11-18,2,12,Pâté chinois,6,24 boxes x 2 pies,24.0,Adenauerallee 900,Stuttgart,70563,Germany
1996-11-18,2,20,Gudbrandsdalsost,4,10 kg pkg.,36.0,Adenauerallee 900,Stuttgart,70563,Germany
1996-11-19,3,30,Ikura,8,12 - 200 ml jars,31.0,Carrera 52 con Ave. Bolívar #65-98 Llano Largo,Barquisimeto,3508,Venezuela
1996-11-19,3,16,Gumbär Gummibärchen,3,100 - 250 g bags,31.23,Carrera 52 con Ave. Bolívar #65-98 Llano Largo,Barquisimeto,3508,Venezuela
1996-11-19,3,8,Camembert Pierrot,4,15 - 300 g rounds,34.0,Carrera 52 con Ave. Bolívar #65-98 Llano Largo,Barquisimeto,3508,Venezuela
1996-11-20,1,10,Guaraná Fantástica,1,12 - 355 ml cans,4.5,1 rue Alsace-Lorraine,,31000,France
1996-11-20,1,20,Inlagd Sill,8,24 - 250 g jars,19.0,1 rue Alsace-Lorraine,,31000,France
1996-11-21,3,56,Pavlova,3,32 - 500 g boxes,17.45,90 Wadhurst Rd.,London,OX15 4NB,UK
1996-11-21,3,70,Gorgonzola Telino,4,12 - 100 g pkgs,12.5,90 Wadhurst Rd.,London,OX15 4NB,UK
1996-11-21,3,80,Camembert Pierrot,4,15 - 300 g rounds,34.0,90 Wadhurst Rd.,London,OX15 4NB,UK
1996-11-22,3,30,Rössle Sauerkraut,7,25 - 825 g cans,45.6,"24, place Kléber",,67000,France
1996-11-22,3,35,Thüringer Rostbratwurst,6,50 bags x 30 sausgs.,123.79,"24, place Kléber",,67000,France
1996-11-22,3,10,Côte de Blaye,1,12 - 75 cl bottles,263.5,"24, place Kléber",,67000,France
1996-11-22,3,35,Maxilaku,3,24 - 50 g pkgs.,20.0,"24, place Kléber",,67000,France
1996-11-22,3,28,Tourtière,6,16 pies,7.45,"24, place Kléber",,67000,France
1996-11-22,2,54,Chartreuse verte,1,750 cc per bottle,18.0,Taucherstraße 10,Cunewalde,01307,Germany
1996-11-22,2,55,Camembert Pierrot,4,15 - 300 g rounds,34.0,Taucherstraße 10,Cunewalde,01307,Germany
1996-11-25,1,50,NuNuCa Nuß-Nougat-Creme,3,20 - 450 g glasses,14.0,"12, rue des Bouchers",,13008,France
1996-11-25,1,20,Manjimup Dried Apples,7,50 - 300 g pkgs.,53.0,"12, rue des Bouchers",,13008,France
1996-11-25,1,24,Tourtière,6,16 pies,7.45,"12, rue des Bouchers",,13008,France
1996-11-26,3,20,Gorgonzola Telino,4,12 - 100 g pkgs,12.5,Walserweg 21,Aachen,52066,Germany
1996-11-26,3,12,Rhönbräu Klosterbier,1,24 - 0.5 l bottles,7.75,Walserweg 21,Aachen,52066,Germany
1996-11-26,3,12,Lakkalikööri,1,500 ml,18.0,Walserweg 21,Aachen,52066,Germany
1996-11-26,1,30,Gudbrandsdalsost,4,10 kg pkg.,36.0,35 King George,London,WX3 6FW,UK
1996-11-26,1,5,Fløtemysost,4,10 - 500 g pkgs.,21.5,35 King George,London,WX3 6FW,UK
1996-11-27,2,24,Queso Cabrales,4,1 kg pkg.,21.0,Mataderos 2312,México D.F.,05023,Mexico
1996-11-28,2,5,Louisiana Fiery Hot Pepper Sauce,2,32 - 8 oz bottles,21.05,"Rambla de Cataluña, 23",Barcelona,08022,Spain
1996-11-28,2,5,Original Frankfurter grüne Soße,2,12 boxes,13.0,"Rambla de Cataluña, 23",Barcelona,08022,Spain
1996-11-28,3,18,Tourtière,6,16 pies,7.45,Smagsløget 45,,8200,Denmark
1996-11-28,3,15,Louisiana Fiery Hot Pepper Sauce,2,32 - 8 oz bottles,21.05,Smagsløget 45,,8200,Denmark
1996-11-28,3,7,Original Frankfurter grüne Soße,2,12 boxes,13.0,Smagsløget 45,,8200,Denmark
1996-11-29,2,5,Sir Rodney's Scones,3,24 pkgs. x 4 pieces,10.0,Kirchgasse 6,Graz,8010,Austria
1996-11-29,2,13,Rössle Sauerkraut,7,25 - 825 g cans,45.6,Kirchgasse 6,Graz,8010,Austria
1996-11-29,2,25,Ravioli Angelo,5,24 - 250 g pkgs.,19.5,Kirchgasse 6,Graz,8010,Austria
1996-11-29,2,35,Wimmers gute Semmelknödel,5,20 bags x 4 pieces,33.25,Kirchgasse 6,Graz,8010,Austria
1996-12-02,2,20,Thüringer Rostbratwurst,6,50 bags x 30 sausgs.,123.79,P.O. Box 555,Lander,82520,USA
1996-12-02,2,18,Gnocchi di nonna Alice,5,24 - 250 g pkgs.,38.0,P.O. Box 555,Lander,82520,USA
1996-12-03,2,15,Chais,1,10 boxes x 20 bags,20.0,Hauptstr. 29,Bern,3012,Switzerland
1996-12-03,2,30,Wimmers gute Semmelknödel,5,20 bags x 4 pieces,33.25,Hauptstr. 29,Bern,3012,Switzerland
1996-12-03,2,20,Longlife Tofu,7,5 kg pkg.,10.0,Hauptstr. 29,Bern,3012,Switzerland
1996-12-03,1,6,Inlagd Sill,8,24 - 250 g jars,19.0,1 rue Alsace-Lorraine,,31000,France
1996-12-04,2,12,Sir Rodney's Marmalade,3,30 gift boxes,81.0,"Alameda dos Canàrios, 891",São Paulo,05487-020,Brazil
1996-12-04,2,40,Côte de Blaye,1,12 - 75 cl bottles,263.5,"Alameda dos Canàrios, 891",São Paulo,05487-020,Brazil
1996-12-04,2,70,Camembert Pierrot,4,15 - 300 g rounds,34.0,"Alameda dos Canàrios, 891",São Paulo,05487-020,Brazil
1996-12-04,2,42,Mozzarella di Giovanni,4,24 - 200 g pkgs.,34.8,"Alameda dos Canàrios, 891",São Paulo,05487-020,Brazil
1996-12-05,3,80,Escargots de Bourgogne,8,24 pieces,13.25,8 Johnstown Road,Cork,,Ireland
1996-12-05,3,50,Fløtemysost,4,10 - 500 g pkgs.,21.5,8 Johnstown Road,Cork,,Ireland
1996-12-05,3,30,Gorgonzola Telino,4,12 - 100 g pkgs,12.5,ul. Filtrowa 68,Walla,01-012,Poland
1996-12-05,3,15,Escargots de Bourgogne,8,24 pieces,13.25,ul. Filtrowa 68,Walla,01-012,Poland
1996-12-06,2,15,Tofu,7,40 - 100 g pkgs.,23.25,City Center Plaza 516 Main St.,Elgin,97827,USA
1996-12-06,2,10,Tourtière,6,16 pies,7.45,City Center Plaza 516 Main St.,Elgin,97827,USA
1996-12-09,2,42,Gorgonzola Telino,4,12 - 100 g pkgs,12.5,43 rue St. Laurent,Montréal,H1J 1C3,Canada
1996-12-09,3,20,Rössle Sauerkraut,7,25 - 825 g cans,45.6,90 Wadhurst Rd.,London,OX15 4NB,UK
1996-12-09,3,20,Chartreuse verte,1,750 cc per bottle,18.0,90 Wadhurst Rd.,London,OX15 4NB,UK
1996-12-10,3,6,Fløtemysost,4,10 - 500 g pkgs.,21.5,Åkergatan 24,Bräcke,0,Sweden
1996-12-11,1,8,Jack's New England Clam Chowder,8,12 - 12 oz cans,9.65,"Rua da Panificadora, 12",Rio de Janeiro,02389-673,Brazil
1996-12-11,1,16,Vegie-spread,2,15 - 625 g jars,43.9,"Rua da Panificadora, 12",Rio de Janeiro,02389-673,Brazil
1996-12-11,1,20,Louisiana Fiery Hot Pepper Sauce,2,32 - 8 oz bottles,21.05,"Rua da Panificadora, 12",Rio de Janeiro,02389-673,Brazil
1996-12-12,3,18,Nord-Ost Matjeshering,8,10 - 200 g glasses,25.89,8 Johnstown Road,Cork,,Ireland
1996-12-12,3,20,Perth Pasties,6,48 pieces,32.8,8 Johnstown Road,Cork,,Ireland
1996-12-12,3,6,Camembert Pierrot,4,15 - 300 g rounds,34.0,8 Johnstown Road,Cork,,Ireland
1996-12-12,3,14,Longlife Tofu,7,5 kg pkg.,10.0,Carrera 52 con Ave. Bolívar #65-98 Llano Largo,Barquisimeto,3508,Venezuela
1996-12-13,1,32,Chef Anton's Gumbo Mix,2,36 boxes,21.35,Kirchgasse 6,Graz,8010,Austria
1996-12-13,1,9,Carnarvon Tigers,8,16 kg pkg.,62.5,Kirchgasse 6,Graz,8010,Austria
1996-12-13,1,14,Thüringer Rostbratwurst,6,50 bags x 30 sausgs.,123.79,Kirchgasse 6,Graz,8010,Austria
1996-12-13,1,60,Geitost,4,500 g,2.5,Kirchgasse 6,Graz,8010,Austria
1996-12-13,1,50,Longlife Tofu,7,5 kg pkg.,10.0,Kirchgasse 6,Graz,8010,Austria
1996-12-16,3,20,Konbu,8,2 kg box,6.0,120 Hanover Sq.,London,WA1 1DP,UK
1996-12-16,3,15,Valkoinen suklaa,3,12 - 100 g bars,16.25,120 Hanover Sq.,London,WA1 1DP,UK
1996-12-16,3,20,Gnocchi di nonna Alice,5,24 - 250 g pkgs.,38.0,120 Hanover Sq.,London,WA1 1DP,UK
1996-12-16,3,28,Sir Rodney's Marmalade,3,30 gift boxes,81.0,Berguvsvägen 8,Luleå,S-958 22,Sweden
1996-12-16,3,15,Camembert Pierrot,4,15 - 300 g rounds,34.0,Berguvsvägen 8,Luleå,S-958 22,Sweden
1996-12-17,2,10,Uncle Bob's Organic Dried Pears,7,12 - 1 lb pkgs.,30.0,P.O. Box 555,Lander,82520,USA
1996-12-17,2,20,Camembert Pierrot,4,15 - 300 g rounds,34.0,P.O. Box 555,Lander,82520,USA
1996-12-17,2,8,Scottish Longbreads,3,10 boxes x 8 pieces,12.5,P.O. Box 555,Lander,82520,USA
1996-12-18,3,15,Guaraná Fantástica,1,12 - 355 ml cans,4.5,"Rua Orós, 92",São Paulo,05442-030,Brazil
1996-12-18,2,15,Guaraná Fantástica,1,12 - 355 ml cans,4.5,Erling Skakkes gate 78,Stavern,4110,Norway
1996-12-18,2,6,Rössle Sauerkraut,7,25 - 825 g cans,45.6,Erling Skakkes gate 78,Stavern,4110,Norway
1996-12-18,2,12,Raclette Courdavault,4,5 kg pkg.,55.0,Erling Skakkes gate 78,Stavern,4110,Norway
1996-12-18,2,15,Fløtemysost,4,10 - 500 g pkgs.,21.5,Erling Skakkes gate 78,Stavern,4110,Norway
1996-12-19,1,15,Røgede sild,8,1k pkg.,9.5,90 Wadhurst Rd.,London,OX15 4NB,UK
1996-12-19,1,20,Filo Mix,5,16 - 2 kg boxes,7.0,90 Wadhurst Rd.,London,OX15 4NB,UK
1996-12-19,1,40,Perth Pasties,6,48 pieces,32.8,90 Wadhurst Rd.,London,OX15 4NB,UK
1996-12-20,2,16,Ikura,8,12 - 200 ml jars,31.0,23 Tsawassen Blvd.,Tsawassen,T2F 8M4,Canada
1996-12-20,2,15,Pâté chinois,6,24 boxes x 2 pies,24.0,23 Tsawassen Blvd.,Tsawassen,T2F 8M4,Canada
1996-12-20,2,20,Tarte au sucre,3,48 pies,49.3,23 Tsawassen Blvd.,Tsawassen,T2F 8M4,Canada
1996-12-23,1,60,Gorgonzola Telino,4,12 - 100 g pkgs,12.5,Kirchgasse 6,Graz,8010,Austria
1996-12-23,1,40,Steeleye Stout,1,24 - 12 oz bottles,18.0,Kirchgasse 6,Graz,8010,Austria
1996-12-23,1,45,Spegesild,8,4 - 450 g glasses,12.0,Kirchgasse 6,Graz,8010,Austria
1996-12-23,1,24,Mozzarella di Giovanni,4,24 - 200 g pkgs.,34.8,Kirchgasse 6,Graz,8010,Austria
1996-12-23,3,18,Konbu,8,2 kg box,6.0,Walserweg 21,Aachen,52066,Germany
1996-12-24,3,50,Gudbrandsdalsost,4,10 kg pkg.,36.0,Geislweg 14,Salzburg,5020,Austria
1996-12-25,3,25,Chang,1,24 - 12 oz bottles,19.0,187 Suffolk Ln.,Boise,83720,USA
1996-12-25,3,42,Tofu,7,40 - 100 g pkgs.,23.25,187 Suffolk Ln.,Boise,83720,USA
1996-12-25,3,7,NuNuCa Nuß-Nougat-Creme,3,20 - 450 g glasses,14.0,187 Suffolk Ln.,Boise,83720,USA
1996-12-25,3,70,Gumbär Gummibärchen,3,100 - 250 g bags,31.23,187 Suffolk Ln.,Boise,83720,USA
1996-12-25,3,32,Gorgonzola Telino,4,12 - 100 g pkgs,12.5,187 Suffolk Ln.,Boise,83720,USA
1996-12-25,3,10,Konbu,8,2 kg box,6.0,City Center Plaza 516 Main St.,Elgin,97827,USA
1996-12-25,3,10,Tarte au sucre,3,48 pies,49.3,City Center Plaza 516 Main St.,Elgin,97827,USA
1996-12-26,1,28,Spegesild,8,4 - 450 g glasses,12.0,Carrera 22 con Ave. Carlos Soublette #8-35,San Cristóbal,5022,Venezuela
1996-12-26,1,70,Perth Pasties,6,48 pieces,32.8,Carrera 22 con Ave. Carlos Soublette #8-35,San Cristóbal,5022,Venezuela
1996-12-26,1,8,Gudbrandsdalsost,4,10 kg pkg.,36.0,Carrera 22 con Ave. Carlos Soublette #8-35,San Cristóbal,5022,Venezuela
1996-12-27,3,40,Tunnbröd,5,12 - 250 g pkgs.,9.0,Berliner Platz 43,München,80805,Germany
1996-12-27,3,60,Fløtemysost,4,10 - 500 g pkgs.,21.5,Berliner Platz 43,München,80805,Germany
1996-12-27,3,21,Mozzarella di Giovanni,4,24 - 200 g pkgs.,34.8,Berliner Platz 43,München,80805,Germany
1996-12-27,1,10,Sir Rodney's Scones,3,24 pkgs. x 4 pieces,10.0,Estrada da saúde n. 58,Lisboa,1756,Portugal
1996-12-27,1,18,Manjimup Dried Apples,7,50 - 300 g pkgs.,53.0,Estrada da saúde n. 58,Lisboa,1756,Portugal
1996-12-30,3,30,Steeleye Stout,1,24 - 12 oz bottles,18.0,187 Suffolk Ln.,Boise,83720,USA
1996-12-30,3,120,Pâté chinois,6,24 boxes x 2 pies,24.0,187 Suffolk Ln.,Boise,83720,USA
1996-12-31,3,60,Scottish Longbreads,3,10 boxes x 8 pieces,12.5,Smagsløget 45,,8200,Denmark
1996-12-31,3,30,Fløtemysost,4,10 - 500 g pkgs.,21.5,Smagsløget 45,,8200,Denmark
1996-12-31,3,35,Lakkalikööri,1,500 ml,18.0,Smagsløget 45,,8200,Denmark
1996-12-31,3,14,Original Frankfurter grüne Soße,2,12 boxes,13.0,Smagsløget 45,,8200,Denmark
1997-01-01,3,21,Thüringer Rostbratwurst,6,50 bags x 30 sausgs.,123.79,35 King George,London,WX3 6FW,UK
1997-01-01,3,35,Steeleye Stout,1,24 - 12 oz bottles,18.0,35 King George,London,WX3 6FW,UK
1997-01-01,3,30,Maxilaku,3,24 - 50 g pkgs.,20.0,35 King George,London,WX3 6FW,UK
1997-01-01,1,18,Nord-Ost Matjeshering,8,10 - 200 g glasses,25.89,2817 Milton Dr.,Albuquerque,87110,USA
1997-01-01,1,70,Gnocchi di nonna Alice,5,24 - 250 g pkgs.,38.0,2817 Milton Dr.,Albuquerque,87110,USA
1997-01-01,1,20,Louisiana Fiery Hot Pepper Sauce,2,32 - 8 oz bottles,21.05,2817 Milton Dr.,Albuquerque,87110,USA
1997-01-01,1,60,Fløtemysost,4,10 - 500 g pkgs.,21.5,2817 Milton Dr.,Albuquerque,87110,USA
1997-01-02,2,60,Tunnbröd,5,12 - 250 g pkgs.,9.0,Kirchgasse 6,Graz,8010,Austria
1997-01-02,2,65,Vegie-spread,2,15 - 625 g jars,43.9,Kirchgasse 6,Graz,8010,Austria
1997-01-03,3,21,Pavlova,3,32 - 500 g boxes,17.45,Kirchgasse 6,Graz,8010,Austria
1997-01-03,3,70,Chocolade,3,10 pkgs.,12.75,Kirchgasse 6,Graz,8010,Austria
1997-01-03,1,30,Gumbär Gummibärchen,3,100 - 250 g bags,31.23,Via Ludovico il Moro 22,Bergamo,24100,Italy
1997-01-03,1,40,Singaporean Hokkien Fried Mee,5,32 - 1 kg pkgs.,14.0,Via Ludovico il Moro 22,Bergamo,24100,Italy
1997-01-03,1,30,Maxilaku,3,24 - 50 g pkgs.,20.0,Via Ludovico il Moro 22,Bergamo,24100,Italy
1997-01-06,1,50,Aniseed Syrup,2,12 - 550 ml bottles,10.0,Ave. 5 de Mayo Porlamar,I. de Margarita,4980,Venezuela
1997-01-07,1,10,Chais,1,10 boxes x 20 bags,20.0,"Alameda dos Canàrios, 891",São Paulo,05487-020,Brazil
1997-01-07,1,30,Sir Rodney's Scones,3,24 pkgs. x 4 pieces,10.0,"Alameda dos Canàrios, 891",São Paulo,05487-020,Brazil
1997-01-07,1,42,Rössle Sauerkraut,7,25 - 825 g cans,45.6,"Alameda dos Canàrios, 891",São Paulo,05487-020,Brazil
1997-01-07,1,5,Inlagd Sill,8,24 - 250 g jars,19.0,"Alameda dos Canàrios, 891",São Paulo,05487-020,Brazil
1997-01-07,1,2,Boston Crab Meat,8,24 - 4 oz tins,18.4,"Alameda dos Canàrios, 891",São Paulo,05487-020,Brazil
1997-01-07,2,30,Queso Cabrales,4,1 kg pkg.,21.0,Mehrheimerstr. 369,Köln,50739,Germany
1997-01-07,2,15,Gudbrandsdalsost,4,10 kg pkg.,36.0,Mehrheimerstr. 369,Köln,50739,Germany
1997-01-07,2,15,Fløtemysost,4,10 - 500 g pkgs.,21.5,Mehrheimerstr. 369,Köln,50739,Germany
1997-01-08,1,10,Gravad lax,8,12 - 500 g pkgs.,26.0,"184, chaussée de Tournai",,59000,France
1997-01-08,1,6,Tourtière,6,16 pies,7.45,"184, chaussée de Tournai",,59000,France
1997-01-08,1,35,Tarte au sucre,3,48 pies,49.3,"184, chaussée de Tournai",,59000,France
1997-01-09,1,12,Tofu,7,40 - 100 g pkgs.,23.25,Ing. Gustavo Moncada 8585 Piso 20-A,Buenos Aires,1010,Argentina
1997-01-09,1,12,Sir Rodney's Scones,3,24 pkgs. x 4 pieces,10.0,Ing. Gustavo Moncada 8585 Piso 20-A,Buenos Aires,1010,Argentina
1997-01-10,3,49,Geitost,4,500 g,2.5,23 Tsawassen Blvd.,Tsawassen,T2F 8M4,Canada
1997-01-10,3,16,Raclette Courdavault,4,5 kg pkg.,55.0,23 Tsawassen Blvd.,Tsawassen,T2F 8M4,Canada
1997-01-10,3,25,Jack's New England Clam Chowder,8,12 - 12 oz cans,9.65,23 Tsawassen Blvd.,Tsawassen,T2F 8M4,Canada
1997-01-10,3,40,Gula Malacca,2,20 - 2 kg bags,19.45,23 Tsawassen Blvd.,Tsawassen,T2F 8M4,Canada
1997-01-10,3,9,Raclette Courdavault,4,5 kg pkg.,55.0,23 Tsawassen Blvd.,Tsawassen,T2F 8M4,Canada
1997-01-13,2,20,Tofu,7,40 - 100 g pkgs.,23.25,Torikatu 38,Oulu,90110,Finland
1997-01-14,2,24,Chais,1,10 boxes x 20 bags,20.0,1 rue Alsace-Lorraine,,31000,France
1997-01-14,2,40,Tarte au sucre,3,48 pies,49.3,1 rue Alsace-Lorraine,,31000,France
1997-01-14,2,14,Lakkalikööri,1,500 ml,18.0,1 rue Alsace-Lorraine,,31000,France
1997-01-14,3,18,Teatime Chocolate Biscuits,3,10 boxes x 12 pieces,9.2,"Rua Orós, 92",São Paulo,05442-030,Brazil
1997-01-14,3,50,Geitost,4,500 g,2.5,"Rua Orós, 92",São Paulo,05442-030,Brazil
1997-01-15,1,2,Alice Mutton,6,20 - 1 kg tins,39.0,City Center Plaza 516 Main St.,Elgin,97827,USA
1997-01-15,1,20,Geitost,4,500 g,2.5,City Center Plaza 516 Main St.,Elgin,97827,USA
1997-01-16,3,20,Teatime Chocolate Biscuits,3,10 boxes x 12 pieces,9.2,Torikatu 38,Oulu,90110,Finland
1997-01-16,3,10,Perth Pasties,6,48 pieces,32.8,Torikatu 38,Oulu,90110,Finland
1997-01-16,3,20,Ravioli Angelo,5,24 - 250 g pkgs.,19.5,Torikatu 38,Oulu,90110,Finland
1997-01-16,3,50,Côte de Blaye,1,12 - 75 cl bottles,263.5,Vinbæltet 34,,1734,Denmark
1997-01-16,3,2,Spegesild,8,4 - 450 g glasses,12.0,Vinbæltet 34,,1734,Denmark
1997-01-16,3,36,Scottish Longbreads,3,10 boxes x 8 pieces,12.5,Vinbæltet 34,,1734,Denmark
1997-01-16,3,35,Original Frankfurter grüne Soße,2,12 boxes,13.0,Vinbæltet 34,,1734,Denmark
1997-01-17,1,60,Chang,1,24 - 12 oz bottles,19.0,Taucherstraße 10,Cunewalde,01307,Germany
1997-01-17,1,55,Zaanse koeken,3,10 - 4 oz boxes,9.5,Taucherstraße 10,Cunewalde,01307,Germany
1997-01-17,1,16,Sirop d'érable,2,24 - 500 ml bottles,28.5,Taucherstraße 10,Cunewalde,01307,Germany
1997-01-17,1,15,Longlife Tofu,7,5 kg pkg.,10.0,Taucherstraße 10,Cunewalde,01307,Germany
1997-01-20,2,60,Camembert Pierrot,4,15 - 300 g rounds,34.0,Grenzacherweg 237,Genève,1203,Switzerland
1997-01-20,2,20,Gudbrandsdalsost,4,10 kg pkg.,36.0,Grenzacherweg 237,Genève,1203,Switzerland
1997-01-21,1,20,Mishi Kobe Niku,6,18 - 500 g pkgs.,97.0,"Rua do Mercado, 12",Resende,08737-363,Brazil
1997-01-21,1,2,Konbu,8,2 kg box,6.0,"Rua do Mercado, 12",Resende,08737-363,Brazil
1997-01-21,1,20,Röd Kaviar,8,24 - 150 g jars,15.0,"Rua do Mercado, 12",Resende,08737-363,Brazil
1997-01-21,1,4,Teatime Chocolate Biscuits,3,10 boxes x 12 pieces,9.2,"Rua da Panificadora, 12",Rio de Janeiro,02389-673,Brazil
1997-01-21,1,30,Gumbär Gummibärchen,3,100 - 250 g bags,31.23,"Rua da Panificadora, 12",Rio de Janeiro,02389-673,Brazil
1997-01-21,1,15,Perth Pasties,6,48 pieces,32.8,"Rua da Panificadora, 12",Rio de Janeiro,02389-673,Brazil
1997-01-21,1,10,Original Frankfurter grüne Soße,2,12 boxes,13.0,"Rua da Panificadora, 12",Rio de Janeiro,02389-673,Brazil
1997-01-22,1,2,Gumbär Gummibärchen,3,100 - 250 g bags,31.23,Via Monte Bianco 34,Torino,10100,Italy
1997-01-23,3,14,Gorgonzola Telino,4,12 - 100 g pkgs,12.5,"Av. Brasil, 442",Campinas,04876-786,Brazil
1997-01-23,3,20,Raclette Courdavault,4,5 kg pkg.,55.0,"Av. Brasil, 442",Campinas,04876-786,Brazil
1997-01-23,2,60,Steeleye Stout,1,24 - 12 oz bottles,18.0,43 rue St. Laurent,Montréal,H1J 1C3,Canada
1997-01-23,2,49,Côte de Blaye,1,12 - 75 cl bottles,263.5,43 rue St. Laurent,Montréal,H1J 1C3,Canada
1997-01-23,2,30,Scottish Longbreads,3,10 boxes x 8 pieces,12.5,43 rue St. Laurent,Montréal,H1J 1C3,Canada
1997-01-24,2,10,Pâté chinois,6,24 boxes x 2 pies,24.0,1 rue Alsace-Lorraine,,31000,France
1997-01-24,2,20,Lakkalikööri,1,500 ml,18.0,1 rue Alsace-Lorraine,,31000,France
1997-01-27,1,5,Gnocchi di nonna Alice,5,24 - 250 g pkgs.,38.0,"Rambla de Cataluña, 23",Barcelona,08022,Spain
1997-01-27,1,7,Wimmers gute Semmelknödel,5,20 bags x 4 pieces,33.25,"Rambla de Cataluña, 23",Barcelona,08022,Spain
1997-01-27,2,35,Tofu,7,40 - 100 g pkgs.,23.25,Geislweg 14,Salzburg,5020,Austria
1997-01-28,1,20,Spegesild,8,4 - 450 g glasses,12.0,Strada Provinciale 124,Reggio Emilia,42100,Italy
1997-01-29,2,40,Valkoinen suklaa,3,12 - 100 g bars,16.25,8 Johnstown Road,Cork,,Ireland
1997-01-29,2,35,Vegie-spread,2,15 - 625 g jars,43.9,8 Johnstown Road,Cork,,Ireland
1997-01-30,1,45,Alice Mutton,6,20 - 1 kg tins,39.0,Kirchgasse 6,Graz,8010,Austria
1997-01-30,1,50,Sir Rodney's Scones,3,24 pkgs. x 4 pieces,10.0,Kirchgasse 6,Graz,8010,Austria
1997-01-30,1,30,Gnocchi di nonna Alice,5,24 - 250 g pkgs.,38.0,Kirchgasse 6,Graz,8010,Austria
1997-01-30,1,70,Raclette Courdavault,4,5 kg pkg.,55.0,Kirchgasse 6,Graz,8010,Austria
1997-01-30,2,50,Alice Mutton,6,20 - 1 kg tins,39.0,23 Tsawassen Blvd.,Tsawassen,T2F 8M4,Canada
1997-01-30,2,50,Boston Crab Meat,8,24 - 4 oz tins,18.4,23 Tsawassen Blvd.,Tsawassen,T2F 8M4,Canada
1997-01-30,2,30,Zaanse koeken,3,10 - 4 oz boxes,9.5,23 Tsawassen Blvd.,Tsawassen,T2F 8M4,Canada
1997-01-31,2,10,Gumbär Gummibärchen,3,100 - 250 g bags,31.23,P.O. Box 555,Lander,82520,USA
1997-01-31,2,40,Tourtière,6,16 pies,7.45,P.O. Box 555,Lander,82520,USA
1997-02-03,3,28,Gnocchi di nonna Alice,5,24 - 250 g pkgs.,38.0,Estrada da saúde n. 58,Lisboa,1756,Portugal
1997-02-03,2,6,Queso Cabrales,4,1 kg pkg.,21.0,Åkergatan 24,Bräcke,0,Sweden
1997-02-03,2,18,Lakkalikööri,1,500 ml,18.0,Åkergatan 24,Bräcke,0,Sweden
1997-02-04,2,10,Chang,1,24 - 12 oz bottles,19.0,Berkeley Gardens 12 Brewery,London,WX1 6LT,UK
1997-02-04,2,12,Gustaf's Knäckebröd,5,24 - 500 g pkgs.,21.0,Berkeley Gardens 12 Brewery,London,WX1 6LT,UK
1997-02-04,2,10,Mozzarella di Giovanni,4,24 - 200 g pkgs.,34.8,Berkeley Gardens 12 Brewery,London,WX1 6LT,UK
1997-02-05,2,5,Spegesild,8,4 - 450 g glasses,12.0,"24, place Kléber",,67000,France
1997-02-05,2,40,Gnocchi di nonna Alice,5,24 - 250 g pkgs.,38.0,"24, place Kléber",,67000,France
1997-02-05,2,30,Wimmers gute Semmelknödel,5,20 bags x 4 pieces,33.25,"24, place Kléber",,67000,France
1997-02-05,2,24,Rhönbräu Klosterbier,1,24 - 0.5 l bottles,7.75,"24, place Kléber",,67000,France
1997-02-05,1,15,Perth Pasties,6,48 pieces,32.8,Torikatu 38,Oulu,90110,Finland
1997-02-06,2,15,Teatime Chocolate Biscuits,3,10 boxes x 12 pieces,9.2,Luisenstr. 48,Münster,44087,Germany
1997-02-06,2,15,Ravioli Angelo,5,24 - 250 g pkgs.,19.5,Luisenstr. 48,Münster,44087,Germany
1997-02-07,3,15,Queso Manchego La Pastora,4,10 - 500 g pkgs.,38.0,43 rue St. Laurent,Montréal,H1J 1C3,Canada
1997-02-07,3,16,Pavlova,3,32 - 500 g boxes,17.45,43 rue St. Laurent,Montréal,H1J 1C3,Canada
1997-02-07,3,6,Wimmers gute Semmelknödel,5,20 bags x 4 pieces,33.25,43 rue St. Laurent,Montréal,H1J 1C3,Canada
1997-02-07,3,30,Longlife Tofu,7,5 kg pkg.,10.0,43 rue St. Laurent,Montréal,H1J 1C3,Canada
1997-02-10,2,45,Chang,1,24 - 12 oz bottles,19.0,187 Suffolk Ln.,Boise,83720,USA
1997-02-10,2,49,Pavlova,3,32 - 500 g boxes,17.45,187 Suffolk Ln.,Boise,83720,USA
1997-02-10,2,24,Thüringer Rostbratwurst,6,50 bags x 30 sausgs.,123.79,187 Suffolk Ln.,Boise,83720,USA
1997-02-10,2,90,Sirop d'érable,2,24 - 500 ml bottles,28.5,187 Suffolk Ln.,Boise,83720,USA
1997-02-10,2,50,Schoggi Schokolade,3,100 - 100 g pieces,43.9,2743 Bering St.,Anchorage,99508,USA
1997-02-11,2,30,Queso Cabrales,4,1 kg pkg.,21.0,Kirchgasse 6,Graz,8010,Austria
1997-02-11,2,80,Tourtière,6,16 pies,7.45,Kirchgasse 6,Graz,8010,Austria
1997-02-11,2,60,Louisiana Hot Spiced Okra,2,24 - 8 oz jars,17.0,Kirchgasse 6,Graz,8010,Austria
1997-02-12,1,6,Queso Cabrales,4,1 kg pkg.,21.0,Strada Provinciale 124,Reggio Emilia,42100,Italy
1997-02-12,1,12,Rössle Sauerkraut,7,25 - 825 g cans,45.6,Strada Provinciale 124,Reggio Emilia,42100,Italy
