,CustomerID,CustomerName,ContactName,Address,City,PostalCode,Country,OrderID,CustomerID,EmployeeID,OrderDate,ShipperID,OrderDetailID,OrderID,ProductID,Quantity,ProductID,ProductName,SupplierID,CategoryID,Unit,Price
0,90,Wilman Kala,Matti Karttunen,Keskuskatu 45,Helsinki,21240,Finland,10248,90,5,1996-07-04,3,1,10248,11,12,11,Queso Cabrales,5,4,1 kg pkg.,21.0
1,90,Wilman Kala,Matti Karttunen,Keskuskatu 45,Helsinki,21240,Finland,10248,90,5,1996-07-04,3,2,10248,42,10,42,Singaporean Hokkien Fried Mee,20,5,32 - 1 kg pkgs.,14.0
2,90,Wilman Kala,Matti Karttunen,Keskuskatu 45,Helsinki,21240,Finland,10248,90,5,1996-07-04,3,3,10248,72,5,72,Mozzarella di Giovanni,14,4,24 - 200 g pkgs.,34.8
3,81,Tradição Hipermercados,Anabela Domingues,"Av. Inês de Castro, 414",São Paulo,05634-030,Brazil,10249,81,6,1996-07-05,1,4,10249,14,9,14,Tofu,6,7,40 - 100 g pkgs.,23.25
4,81,Tradição Hipermercados,Anabela Domingues,"Av. Inês de Castro, 414",São Paulo,05634-030,Brazil,10249,81,6,1996-07-05,1,5,10249,51,40,51,Manjimup Dried Apples,24,7,50 - 300 g pkgs.,53.0
5,34,Hanari Carnes,Mario Pontes,"Rua do Paço, 67",Rio de Janeiro,05454-876,Brazil,10250,34,4,1996-07-08,2,6,10250,41,10,41,Jack's New England Clam Chowder,19,8,12 - 12 oz cans,9.65
6,34,Hanari Carnes,Mario Pontes,"Rua do Paço, 67",Rio de Janeiro,05454-876,Brazil,10250,34,4,1996-07-08,2,7,10250,51,35,51,Manjimup Dried Apples,24,7,50 - 300 g pkgs.,53.0
7,34,Hanari Carnes,Mario Pontes,"Rua do Paço, 67",Rio de Janeiro,05454-876,Brazil,10250,34,4,1996-07-08,2,8,10250,65,15,65,Louisiana Fiery Hot Pepper Sauce,2,2,32 - 8 oz bottles,21.05
8,84,Victuailles en stock,Mary Saveley,"2, rue du Commerce",Lyon,69004,France,10251,84,3,1996-07-08,1,9,10251,22,6,22,Gustaf's Knäckebröd,9,5,24 - 500 g pkgs.,21.0
9,84,Victuailles en stock,Mary Saveley,"2, rue du Commerce",Lyon,69004,France,10251,84,3,1996-07-08,1,10,10251,57,15,57,Ravioli Angelo,26,5,24 - 250 g pkgs.,19.5
10,84,Victuailles en stock,Mary Saveley,"2, rue du Commerce",Lyon,69004,France,10251,84,3,1996-07-08,1,11,10251,65,20,65,Louisiana Fiery Hot Pepper Sauce,2,2,32 - 8 oz bottles,21.05
11,76,Suprêmes délices,Pascale Cartrain,"Boulevard Tirou, 255",Charleroi,B-6000,Belgium,10252,76,4,1996-07-09,2,12,10252,20,40,20,Sir Rodney's Marmalade,8,3,30 gift boxes,81.0
12,76,Suprêmes délices,Pascale Cartrain,"Boulevard Tirou, 255",Charleroi,B-6000,Belgium,10252,76,4,1996-07-09,2,13,10252,33,25,33,Geitost,15,4,500 g,2.5
13,76,Suprêmes délices,Pascale Cartrain,"Boulevard Tirou, 255",Charleroi,B-6000,Belgium,10252,76,4,1996-07-09,2,14,10252,60,40,60,Camembert Pierrot,28,4,15 - 300 g rounds,34.0
14,34,Hanari Carnes,Mario Pontes,"Rua do Paço, 67",Rio de Janeiro,05454-876,Brazil,10253,34,3,1996-07-10,2,15,10253,31,20,31,Gorgonzola Telino,14,4,12 - 100 g pkgs,12.5
15,34,Hanari Carnes,Mario Pontes,"Rua do Paço, 67",Rio de Janeiro,05454-876,Brazil,10253,34,3,1996-07-10,2,16,10253,39,42,39,Chartreuse verte,18,1,750 cc per bottle,18.0
16,34,Hanari Carnes,Mario Pontes,"Rua do Paço, 67",Rio de Janeiro,05454-876,Brazil,10253,34,3,1996-07-10,2,17,10253,49,40,49,Maxilaku,23,3,24 - 50 g pkgs.,20.0
17,14,Chop-suey Chinese,Yang Wang,Hauptstr. 29,Bern,3012,Switzerland,10254,14,5,1996-07-11,2,18,10254,24,15,24,Guaraná Fantástica,10,1,12 - 355 ml cans,4.5
18,14,Chop-suey Chinese,Yang Wang,Hauptstr. 29,Bern,3012,Switzerland,10254,14,5,1996-07-11,2,19,10254,55,21,55,Pâté chinois,25,6,24 boxes x 2 pies,24.0
19,14,Chop-suey Chinese,Yang Wang,Hauptstr. 29,Bern,3012,Switzerland,10254,14,5,1996-07-11,2,20,10254,74,21,74,Longlife Tofu,4,7,5 kg pkg.,10.0
20,68,Richter Supermarkt,Michael Holz,Grenzacherweg 237,Genève,1203,Switzerland,10255,68,9,1996-07-12,3,21,10255,2,20,2,Chang,1,1,24 - 12 oz bottles,19.0
21,68,Richter Supermarkt,Michael Holz,Grenzacherweg 237,Genève,1203,Switzerland,10255,68,9,1996-07-12,3,22,10255,16,35,16,Pavlova,7,3,32 - 500 g boxes,17.45
22,68,Richter Supermarkt,Michael Holz,Grenzacherweg 237,Genève,1203,Switzerland,10255,68,9,1996-07-12,3,23,10255,36,25,36,Inlagd Sill,17,8,24 - 250 g jars,19.0
23,68,Richter Supermarkt,Michael Holz,Grenzacherweg 237,Genève,1203,Switzerland,10255,68,9,1996-07-12,3,24,10255,59,30,59,Raclette Courdavault,28,4,5 kg pkg.,55.0
24,88,Wellington Importadora,Paula Parente,"Rua do Mercado, 12",Resende,08737-363,Brazil,10256,88,3,1996-07-15,2,25,10256,53,15,53,Perth Pasties,24,6,48 pieces,32.8
25,88,Wellington Importadora,Paula Parente,"Rua do Mercado, 12",Resende,08737-363,Brazil,10256,88,3,1996-07-15,2,26,10256,77,12,77,Original Frankfurter grüne Soße,12,2,12 boxes,13.0
26,35,HILARIÓN-Abastos,Carlos Hernández,Carrera 22 con Ave. Carlos Soublette #8-35,San Cristóbal,5022,Venezuela,10257,35,4,1996-07-16,3,27,10257,27,25,27,Schoggi Schokolade,11,3,100 - 100 g pieces,43.9
27,35,HILARIÓN-Abastos,Carlos Hernández,Carrera 22 con Ave. Carlos Soublette #8-35,San Cristóbal,5022,Venezuela,10257,35,4,1996-07-16,3,28,10257,39,6,39,Chartreuse verte,18,1,750 cc per bottle,18.0
28,35,HILARIÓN-Abastos,Carlos Hernández,Carrera 22 con Ave. Carlos Soublette #8-35,San Cristóbal,5022,Venezuela,10257,35,4,1996-07-16,3,29,10257,77,15,77,Original Frankfurter grüne Soße,12,2,12 boxes,13.0
29,20,Ernst Handel,Roland Mendel,Kirchgasse 6,Graz,8010,Austria,10258,20,1,1996-07-17,1,30,10258,2,50,2,Chang,1,1,24 - 12 oz bottles,19.0
30,20,Ernst Handel,Roland Mendel,Kirchgasse 6,Graz,8010,Austria,10258,20,1,1996-07-17,1,31,10258,5,65,5,Chef Anton's Gumbo Mix,2,2,36 boxes,21.35
31,20,Ernst Handel,Roland Mendel,Kirchgasse 6,Graz,8010,Austria,10258,20,1,1996-07-17,1,32,10258,32,6,32,Mascarpone Fabioli,14,4,24 - 200 g pkgs.,32.0
32,13,Centro comercial Moctezuma,Francisco Chang,Sierras de Granada 9993,México D.F.,05022,Mexico,10259,13,4,1996-07-18,3,33,10259,21,10,21,Sir Rodney's Scones,8,3,24 pkgs. x 4 pieces,10.0
33,13,Centro comercial Moctezuma,Francisco Chang,Sierras de Granada 9993,México D.F.,05022,Mexico,10259,13,4,1996-07-18,3,34,10259,37,1,37,Gravad lax,17,8,12 - 500 g pkgs.,26.0
34,55,Old World Delicatessen,Rene Phillips,2743 Bering St.,Anchorage,99508,USA,10260,55,4,1996-07-19,1,35,10260,41,16,41,Jack's New England Clam Chowder,19,8,12 - 12 oz cans,9.65
35,55,Old World Delicatessen,Rene Phillips,2743 Bering St.,Anchorage,99508,USA,10260,55,4,1996-07-19,1,36,10260,57,50,57,Ravioli Angelo,26,5,24 - 250 g pkgs.,19.5
36,55,Old World Delicatessen,Rene Phillips,2743 Bering St.,Anchorage,99508,USA,10260,55,4,1996-07-19,1,37,10260,62,15,62,Tarte au sucre,29,3,48 pies,49.3
37,55,Old World Delicatessen,Rene Phillips,2743 Bering St.,Anchorage,99508,USA,10260,55,4,1996-07-19,1,38,10260,70,21,70,Outback Lager,7,1,24 - 355 ml bottles,15.0
38,61,Que Delícia,Bernardo Batista,"Rua da Panificadora, 12",Rio de Janeiro,02389-673,Brazil,10261,61,4,1996-07-19,2,39,10261,21,20,21,Sir Rodney's Scones,8,3,24 pkgs. x 4 pieces,10.0
39,61,Que Delícia,Bernardo Batista,"Rua da Panificadora, 12",Rio de Janeiro,02389-673,Brazil,10261,61,4,1996-07-19,2,40,10261,35,20,35,Steeleye Stout,16,1,24 - 12 oz bottles,18.0
40,65,Rattlesnake Canyon Grocery,Paula Wilson,2817 Milton Dr.,Albuquerque,87110,USA,10262,65,8,1996-07-22,3,41,10262,5,12,5,Chef Anton's Gumbo Mix,2,2,36 boxes,21.35
41,65,Rattlesnake Canyon Grocery,Paula Wilson,2817 Milton Dr.,Albuquerque,87110,USA,10262,65,8,1996-07-22,3,42,10262,7,15,7,Uncle Bob's Organic Dried Pears,3,7,12 - 1 lb pkgs.,30.0
42,65,Rattlesnake Canyon Grocery,Paula Wilson,2817 Milton Dr.,Albuquerque,87110,USA,10262,65,8,1996-07-22,3,43,10262,56,2,56,Gnocchi di nonna Alice,26,5,24 - 250 g pkgs.,38.0
43,20,Ernst Handel,Roland Mendel,Kirchgasse 6,Graz,8010,Austria,10263,20,9,1996-07-23,3,44,10263,16,60,16,Pavlova,7,3,32 - 500 g boxes,17.45
44,20,Ernst Handel,Roland Mendel,Kirchgasse 6,Graz,8010,Austria,10263,20,9,1996-07-23,3,45,10263,24,28,24,Guaraná Fantástica,10,1,12 - 355 ml cans,4.5
45,20,Ernst Handel,Roland Mendel,Kirchgasse 6,Graz,8010,Austria,10263,20,9,1996-07-23,3,46,10263,30,60,30,Nord-Ost Matjeshering,13,8,10 - 200 g glasses,25.89
46,20,Ernst Handel,Roland Mendel,Kirchgasse 6,Graz,8010,Austria,10263,20,9,1996-07-23,3,47,10263,74,36,74,Longlife Tofu,4,7,5 kg pkg.,10.0
47,24,Folk och fä HB,Maria Larsson,Åkergatan 24,Bräcke,S-844 67,Sweden,10264,24,6,1996-07-24,3,48,10264,2,35,2,Chang,1,1,24 - 12 oz bottles,19.0
48,24,Folk och fä HB,Maria Larsson,Åkergatan 24,Bräcke,S-844 67,Sweden,10264,24,6,1996-07-24,3,49,10264,41,25,41,Jack's New England Clam Chowder,19,8,12 - 12 oz cans,9.65
49,7,Blondel père et fils,Frédérique Citeaux,"24, place Kléber",Strasbourg,67000,France,10265,7,2,1996-07-25,1,50,10265,17,30,17,Alice Mutton,7,6,20 - 1 kg tins,39.0
50,7,Blondel père et fils,Frédérique Citeaux,"24, place Kléber",Strasbourg,67000,France,10265,7,2,1996-07-25,1,51,10265,70,20,70,Outback Lager,7,1,24 - 355 ml bottles,15.0
51,87,Wartian Herkku,Pirkko Koskitalo,Torikatu 38,Oulu,90110,Finland,10266,87,3,1996-07-26,3,52,10266,12,12,12,Queso Manchego La Pastora,5,4,10 - 500 g pkgs.,38.0
52,25,Frankenversand,Peter Franken,Berliner Platz 43,München,80805,Germany,10267,25,4,1996-07-29,1,53,10267,40,50,40,Boston Crab Meat,19,8,24 - 4 oz tins,18.4
53,25,Frankenversand,Peter Franken,Berliner Platz 43,München,80805,Germany,10267,25,4,1996-07-29,1,54,10267,59,70,59,Raclette Courdavault,28,4,5 kg pkg.,55.0
54,25,Frankenversand,Peter Franken,Berliner Platz 43,München,80805,Germany,10267,25,4,1996-07-29,1,55,10267,76,15,76,Lakkalikööri,23,1,500 ml,18.0
55,33,GROSELLA-Restaurante,Manuel Pereira,5ª Ave. Los Palos Grandes,Caracas,1081,Venezuela,10268,33,8,1996-07-30,3,56,10268,29,10,29,Thüringer Rostbratwurst,12,6,50 bags x 30 sausgs.,123.79
56,33,GROSELLA-Restaurante,Manuel Pereira,5ª Ave. Los Palos Grandes,Caracas,1081,Venezuela,10268,33,8,1996-07-30,3,57,10268,72,4,72,Mozzarella di Giovanni,14,4,24 - 200 g pkgs.,34.8
57,89,White Clover Markets,Karl Jablonski,305 - 14th Ave. S. Suite 3B,Seattle,98128,USA,10269,89,5,1996-07-31,1,58,10269,33,60,33,Geitost,15,4,500 g,2.5
58,89,White Clover Markets,Karl Jablonski,305 - 14th Ave. S. Suite 3B,Seattle,98128,USA,10269,89,5,1996-07-31,1,59,10269,72,20,72,Mozzarella di Giovanni,14,4,24 - 200 g pkgs.,34.8
59,87,Wartian Herkku,Pirkko Koskitalo,Torikatu 38,Oulu,90110,Finland,10270,87,1,1996-08-01,1,60,10270,36,30,36,Inlagd Sill,17,8,24 - 250 g jars,19.0
60,87,Wartian Herkku,Pirkko Koskitalo,Torikatu 38,Oulu,90110,Finland,10270,87,1,1996-08-01,1,61,10270,43,25,43,Ipoh Coffee,20,1,16 - 500 g tins,46.0
61,75,Split Rail Beer & Ale,Art Braunschweiger,P.O. Box 555,Lander,82520,USA,10271,75,6,1996-08-01,2,62,10271,33,24,33,Geitost,15,4,500 g,2.5
62,65,Rattlesnake Canyon Grocery,Paula Wilson,2817 Milton Dr.,Albuquerque,87110,USA,10272,65,6,1996-08-02,2,63,10272,20,6,20,Sir Rodney's Marmalade,8,3,30 gift boxes,81.0
63,65,Rattlesnake Canyon Grocery,Paula Wilson,2817 Milton Dr.,Albuquerque,87110,USA,10272,65,6,1996-08-02,2,64,10272,31,40,31,Gorgonzola Telino,14,4,12 - 100 g pkgs,12.5
64,65,Rattlesnake Canyon Grocery,Paula Wilson,2817 Milton Dr.,Albuquerque,87110,USA,10272,65,6,1996-08-02,2,65,10272,72,24,72,Mozzarella di Giovanni,14,4,24 - 200 g pkgs.,34.8
65,63,QUICK-Stop,Horst Kloss,Taucherstraße 10,Cunewalde,01307,Germany,10273,63,3,1996-08-05,3,66,10273,10,24,10,Ikura,4,8,12 - 200 ml jars,31.0
66,63,QUICK-Stop,Horst Kloss,Taucherstraße 10,Cunewalde,01307,Germany,10273,63,3,1996-08-05,3,67,10273,31,15,31,Gorgonzola Telino,14,4,12 - 100 g pkgs,12.5
67,63,QUICK-Stop,Horst Kloss,Taucherstraße 10,Cunewalde,01307,Germany,10273,63,3,1996-08-05,3,68,10273,33,20,33,Geitost,15,4,500 g,2.5
68,63,QUICK-Stop,Horst Kloss,Taucherstraße 10,Cunewalde,01307,Germany,10273,63,3,1996-08-05,3,69,10273,40,60,40,Boston Crab Meat,19,8,24 - 4 oz tins,18.4
69,63,QUICK-Stop,Horst Kloss,Taucherstraße 10,Cunewalde,01307,Germany,10273,63,3,1996-08-05,3,70,10273,76,33,76,Lakkalikööri,23,1,500 ml,18.0
70,85,Vins et alcools Chevalier,Paul Henriot,59 rue de l'Abbaye,Reims,51100,France,10274,85,6,1996-08-06,1,71,10274,71,20,71,Fløtemysost,15,4,10 - 500 g pkgs.,21.5
71,85,Vins et alcools Chevalier,Paul Henriot,59 rue de l'Abbaye,Reims,51100,France,10274,85,6,1996-08-06,1,72,10274,72,7,72,Mozzarella di Giovanni,14,4,24 - 200 g pkgs.,34.8
72,49,Magazzini Alimentari Riuniti,Giovanni Rovelli,Via Ludovico il Moro 22,Bergamo,24100,Italy,10275,49,1,1996-08-07,1,73,10275,24,12,24,Guaraná Fantástica,10,1,12 - 355 ml cans,4.5
73,49,Magazzini Alimentari Riuniti,Giovanni Rovelli,Via Ludovico il Moro 22,Bergamo,24100,Italy,10275,49,1,1996-08-07,1,74,10275,59,6,59,Raclette Courdavault,28,4,5 kg pkg.,55.0
74,80,Tortuga Restaurante,Miguel Angel Paolino,Avda. Azteca 123,México D.F.,05033,Mexico,10276,80,8,1996-08-08,3,75,10276,10,15,10,Ikura,4,8,12 - 200 ml jars,31.0
75,80,Tortuga Restaurante,Miguel Angel Paolino,Avda. Azteca 123,México D.F.,05033,Mexico,10276,80,8,1996-08-08,3,76,10276,13,10,13,Konbu,6,8,2 kg box,6.0
76,52,Morgenstern Gesundkost,Alexander Feuer,Heerstr. 22,Leipzig,04179,Germany,10277,52,2,1996-08-09,3,77,10277,28,20,28,Rössle Sauerkraut,12,7,25 - 825 g cans,45.6
77,52,Morgenstern Gesundkost,Alexander Feuer,Heerstr. 22,Leipzig,04179,Germany,10277,52,2,1996-08-09,3,78,10277,62,12,62,Tarte au sucre,29,3,48 pies,49.3
78,5,Berglunds snabbköp,Christina Berglund,Berguvsvägen 8,Luleå,S-958 22,Sweden,10278,5,8,1996-08-12,2,79,10278,44,16,44,Gula Malacca,20,2,20 - 2 kg bags,19.45
79,5,Berglunds snabbköp,Christina Berglund,Berguvsvägen 8,Luleå,S-958 22,Sweden,10278,5,8,1996-08-12,2,80,10278,59,15,59,Raclette Courdavault,28,4,5 kg pkg.,55.0
80,5,Berglunds snabbköp,Christina Berglund,Berguvsvägen 8,Luleå,S-958 22,Sweden,10278,5,8,1996-08-12,2,81,10278,63,8,63,Vegie-spread,7,2,15 - 625 g jars,43.9
81,5,Berglunds snabbköp,Christina Berglund,Berguvsvägen 8,Luleå,S-958 22,Sweden,10278,5,8,1996-08-12,2,82,10278,73,25,73,Röd Kaviar,17,8,24 - 150 g jars,15.0
82,44,Lehmanns Marktstand,Renate Messner,Magazinweg 7,Frankfurt a.M.,60528,Germany,10279,44,8,1996-08-13,2,83,10279,17,15,17,Alice Mutton,7,6,20 - 1 kg tins,39.0
83,5,Berglunds snabbköp,Christina Berglund,Berguvsvägen 8,Luleå,S-958 22,Sweden,10280,5,2,1996-08-14,1,84,10280,24,12,24,Guaraná Fantástica,10,1,12 - 355 ml cans,4.5
84,5,Berglunds snabbköp,Christina Berglund,Berguvsvägen 8,Luleå,S-958 22,Sweden,10280,5,2,1996-08-14,1,85,10280,55,20,55,Pâté chinois,25,6,24 boxes x 2 pies,24.0
85,5,Berglunds snabbköp,Christina Berglund,Berguvsvägen 8,Luleå,S-958 22,Sweden,10280,5,2,1996-08-14,1,86,10280,75,30,75,Rhönbräu Klosterbier,12,1,24 - 0.5 l bottles,7.75
86,69,Romero y tomillo,Alejandra Camino,"Gran Vía, 1",Madrid,28001,Spain,10281,69,4,1996-08-14,1,87,10281,19,1,19,Teatime Chocolate Biscuits,8,3,10 boxes x 12 pieces,9.2
87,69,Romero y tomillo,Alejandra Camino,"Gran Vía, 1",Madrid,28001,Spain,10281,69,4,1996-08-14,1,88,10281,24,6,24,Guaraná Fantástica,10,1,12 - 355 ml cans,4.5
88,69,Romero y tomillo,Alejandra Camino,"Gran Vía, 1",Madrid,28001,Spain,10281,69,4,1996-08-14,1,89,10281,35,4,35,Steeleye Stout,16,1,24 - 12 oz bottles,18.0
89,69,Romero y tomillo,Alejandra Camino,"Gran Vía, 1",Madrid,28001,Spain,10282,69,4,1996-08-15,1,90,10282,30,6,30,Nord-Ost Matjeshering,13,8,10 - 200 g glasses,25.89
90,69,Romero y tomillo,Alejandra Camino,"Gran Vía, 1",Madrid,28001,Spain,10282,69,4,1996-08-15,1,91,10282,57,2,57,Ravioli Angelo,26,5,24 - 250 g pkgs.,19.5
91,46,LILA-Supermercado,Carlos González,Carrera 52 con Ave. Bolívar #65-98 Llano Largo,Barquisimeto,3508,Venezuela,10283,46,3,1996-08-16,3,92,10283,15,20,15,Genen Shouyu,6,2,24 - 250 ml bottles,15.5
92,46,LILA-Supermercado,Carlos González,Carrera 52 con Ave. Bolívar #65-98 Llano Largo,Barquisimeto,3508,Venezuela,10283,46,3,1996-08-16,3,93,10283,19,18,19,Teatime Chocolate Biscuits,8,3,10 boxes x 12 pieces,9.2
93,46,LILA-Supermercado,Carlos González,Carrera 52 con Ave. Bolívar #65-98 Llano Largo,Barquisimeto,3508,Venezuela,10283,46,3,1996-08-16,3,94,10283,60,35,60,Camembert Pierrot,28,4,15 - 300 g rounds,34.0
94,46,LILA-Supermercado,Carlos González,Carrera 52 con Ave. Bolívar #65-98 Llano Largo,Barquisimeto,3508,Venezuela,10283,46,3,1996-08-16,3,95,10283,72,3,72,Mozzarella di Giovanni,14,4,24 - 200 g pkgs.,34.8
95,44,Lehmanns Marktstand,Renate Messner,Magazinweg 7,Frankfurt a.M.,60528,Germany,10284,44,4,1996-08-19,1,96,10284,27,15,27,Schoggi Schokolade,11,3,100 - 100 g pieces,43.9
96,44,Lehmanns Marktstand,Renate Messner,Magazinweg 7,Frankfurt a.M.,60528,Germany,10284,44,4,1996-08-19,1,97,10284,44,21,44,Gula Malacca,20,2,20 - 2 kg bags,19.45
97,44,Lehmanns Marktstand,Renate Messner,Magazinweg 7,Frankfurt a.M.,60528,Germany,10284,44,4,1996-08-19,1,98,10284,60,20,60,Camembert Pierrot,28,4,15 - 300 g rounds,34.0
98,44,Lehmanns Marktstand,Renate Messner,Magazinweg 7,Frankfurt a.M.,60528,Germany,10284,44,4,1996-08-19,1,99,10284,67,5,67,Laughing Lumberjack Lager,16,1,24 - 12 oz bottles,14.0
99,63,QUICK-Stop,Horst Kloss,Taucherstraße 10,Cunewalde,01307,Germany,10285,63,1,1996-08-20,2,100,10285,1,45,1,Chais,1,1,10 boxes x 20 bags,18.0
100,63,QUICK-Stop,Horst Kloss,Taucherstraße 10,Cunewalde,01307,Germany,10285,63,1,1996-08-20,2,101,10285,40,40,40,Boston Crab Meat,19,8,24 - 4 oz tins,18.4
101,63,QUICK-Stop,Horst Kloss,Taucherstraße 10,Cunewalde,01307,Germany,10285,63,1,1996-08-20,2,102,10285,53,36,53,Perth Pasties,24,6,48 pieces,32.8
102,63,QUICK-Stop,Horst Kloss,Taucherstraße 10,Cunewalde,01307,Germany,10286,63,8,1996-08-21,3,103,10286,35,100,35,Steeleye Stout,16,1,24 - 12 oz bottles,18.0
103,63,QUICK-Stop,Horst Kloss,Taucherstraße 10,Cunewalde,01307,Germany,10286,63,8,1996-08-21,3,104,10286,62,40,62,Tarte au sucre,29,3,48 pies,49.3
104,67,Ricardo Adocicados,Janete Limeira,"Av. Copacabana, 267",Rio de Janeiro,02389-890,Brazil,10287,67,8,1996-08-22,3,105,10287,16,40,16,Pavlova,7,3,32 - 500 g boxes,17.45
105,67,Ricardo Adocicados,Janete Limeira,"Av. Copacabana, 267",Rio de Janeiro,02389-890,Brazil,10287,67,8,1996-08-22,3,106,10287,34,20,34,Sasquatch Ale,16,1,24 - 12 oz bottles,14.0
106,67,Ricardo Adocicados,Janete Limeira,"Av. Copacabana, 267",Rio de Janeiro,02389-890,Brazil,10287,67,8,1996-08-22,3,107,10287,46,15,46,Spegesild,21,8,4 - 450 g glasses,12.0
107,66,Reggiani Caseifici,Maurizio Moroni,Strada Provinciale 124,Reggio Emilia,42100,Italy,10288,66,4,1996-08-23,1,108,10288,54,10,54,Tourtière,25,6,16 pies,7.45
108,66,Reggiani Caseifici,Maurizio Moroni,Strada Provinciale 124,Reggio Emilia,42100,Italy,10288,66,4,1996-08-23,1,109,10288,68,3,68,Scottish Longbreads,8,3,10 boxes x 8 pieces,12.5
109,11,B's Beverages,Victoria Ashworth,Fauntleroy Circus,London,EC2 5NT,UK,10289,11,7,1996-08-26,3,110,10289,3,30,3,Aniseed Syrup,1,2,12 - 550 ml bottles,10.0
110,11,B's Beverages,Victoria Ashworth,Fauntleroy Circus,London,EC2 5NT,UK,10289,11,7,1996-08-26,3,111,10289,64,9,64,Wimmers gute Semmelknödel,12,5,20 bags x 4 pieces,33.25
111,15,Comércio Mineiro,Pedro Afonso,"Av. dos Lusíadas, 23",São Paulo,05432-043,Brazil,10290,15,8,1996-08-27,1,112,10290,5,20,5,Chef Anton's Gumbo Mix,2,2,36 boxes,21.35
112,15,Comércio Mineiro,Pedro Afonso,"Av. dos Lusíadas, 23",São Paulo,05432-043,Brazil,10290,15,8,1996-08-27,1,113,10290,29,15,29,Thüringer Rostbratwurst,12,6,50 bags x 30 sausgs.,123.79
113,15,Comércio Mineiro,Pedro Afonso,"Av. dos Lusíadas, 23",São Paulo,05432-043,Brazil,10290,15,8,1996-08-27,1,114,10290,49,15,49,Maxilaku,23,3,24 - 50 g pkgs.,20.0
114,15,Comércio Mineiro,Pedro Afonso,"Av. dos Lusíadas, 23",São Paulo,05432-043,Brazil,10290,15,8,1996-08-27,1,115,10290,77,10,77,Original Frankfurter grüne Soße,12,2,12 boxes,13.0
115,61,Que Delícia,Bernardo Batista,"Rua da Panificadora, 12",Rio de Janeiro,02389-673,Brazil,10291,61,6,1996-08-27,2,116,10291,13,20,13,Konbu,6,8,2 kg box,6.0
116,61,Que Delícia,Bernardo Batista,"Rua da Panificadora, 12",Rio de Janeiro,02389-673,Brazil,10291,61,6,1996-08-27,2,117,10291,44,24,44,Gula Malacca,20,2,20 - 2 kg bags,19.45
117,61,Que Delícia,Bernardo Batista,"Rua da Panificadora, 12",Rio de Janeiro,02389-673,Brazil,10291,61,6,1996-08-27,2,118,10291,51,2,51,Manjimup Dried Apples,24,7,50 - 300 g pkgs.,53.0
118,81,Tradição Hipermercados,Anabela Domingues,"Av. Inês de Castro, 414",São Paulo,05634-030,Brazil,10292,81,1,1996-08-28,2,119,10292,20,20,20,Sir Rodney's Marmalade,8,3,30 gift boxes,81.0
119,80,Tortuga Restaurante,Miguel Angel Paolino,Avda. Azteca 123,México D.F.,05033,Mexico,10293,80,1,1996-08-29,3,120,10293,18,12,18,Carnarvon Tigers,7,8,16 kg pkg.,62.5
120,80,Tortuga Restaurante,Miguel Angel Paolino,Avda. Azteca 123,México D.F.,05033,Mexico,10293,80,1,1996-08-29,3,121,10293,24,10,24,Guaraná Fantástica,10,1,12 - 355 ml cans,4.5
121,80,Tortuga Restaurante,Miguel Angel Paolino,Avda. Azteca 123,México D.F.,05033,Mexico,10293,80,1,1996-08-29,3,122,10293,63,5,63,Vegie-spread,7,2,15 - 625 g jars,43.9
122,80,Tortuga Restaurante,Miguel Angel Paolino,Avda. Azteca 123,México D.F.,05033,Mexico,10293,80,1,1996-08-29,3,123,10293,75,6,75,Rhönbräu Klosterbier,12,1,24 - 0.5 l bottles,7.75
123,65,Rattlesnake Canyon Grocery,Paula Wilson,2817 Milton Dr.,Albuquerque,87110,USA,10294,65,4,1996-08-30,2,124,10294,1,18,1,Chais,1,1,10 boxes x 20 bags,18.0
124,65,Rattlesnake Canyon Grocery,Paula Wilson,2817 Milton Dr.,Albuquerque,87110,USA,10294,65,4,1996-08-30,2,125,10294,17,15,17,Alice Mutton,7,6,20 - 1 kg tins,39.0
125,65,Rattlesnake Canyon Grocery,Paula Wilson,2817 Milton Dr.,Albuquerque,87110,USA,10294,65,4,1996-08-30,2,126,10294,43,15,43,Ipoh Coffee,20,1,16 - 500 g tins,46.0
126,65,Rattlesnake Canyon Grocery,Paula Wilson,2817 Milton Dr.,Albuquerque,87110,USA,10294,65,4,1996-08-30,2,127,10294,60,21,60,Camembert Pierrot,28,4,15 - 300 g rounds,34.0
127,65,Rattlesnake Canyon Grocery,Paula Wilson,2817 Milton Dr.,Albuquerque,87110,USA,10294,65,4,1996-08-30,2,128,10294,75,6,75,Rhönbräu Klosterbier,12,1,24 - 0.5 l bottles,7.75
128,85,Vins et alcools Chevalier,Paul Henriot,59 rue de l'Abbaye,Reims,51100,France,10295,85,2,1996-09-02,2,129,10295,56,4,56,Gnocchi di nonna Alice,26,5,24 - 250 g pkgs.,38.0
129,46,LILA-Supermercado,Carlos González,Carrera 52 con Ave. Bolívar #65-98 Llano Largo,Barquisimeto,3508,Venezuela,10296,46,6,1996-09-03,1,130,10296,11,12,11,Queso Cabrales,5,4,1 kg pkg.,21.0
130,46,LILA-Supermercado,Carlos González,Carrera 52 con Ave. Bolívar #65-98 Llano Largo,Barquisimeto,3508,Venezuela,10296,46,6,1996-09-03,1,131,10296,16,30,16,Pavlova,7,3,32 - 500 g boxes,17.45
131,46,LILA-Supermercado,Carlos González,Carrera 52 con Ave. Bolívar #65-98 Llano Largo,Barquisimeto,3508,Venezuela,10296,46,6,1996-09-03,1,132,10296,69,15,69,Gudbrandsdalsost,15,4,10 kg pkg.,36.0
132,7,Blondel père et fils,Frédérique Citeaux,"24, place Kléber",Strasbourg,67000,France,10297,7,5,1996-09-04,2,133,10297,39,60,39,Chartreuse verte,18,1,750 cc per bottle,18.0
133,7,Blondel père et fils,Frédérique Citeaux,"24, place Kléber",Strasbourg,67000,France,10297,7,5,1996-09-04,2,134,10297,72,20,72,Mozzarella di Giovanni,14,4,24 - 200 g pkgs.,34.8
134,37,Hungry Owl All-Night Grocers,Patricia McKenna,8 Johnstown Road,Cork,,Ireland,10298,37,6,1996-09-05,2,135,10298,2,40,2,Chang,1,1,24 - 12 oz bottles,19.0
135,37,Hungry Owl All-Night Grocers,Patricia McKenna,8 Johnstown Road,Cork,,Ireland,10298,37,6,1996-09-05,2,136,10298,36,40,36,Inlagd Sill,17,8,24 - 250 g jars,19.0
136,37,Hungry Owl All-Night Grocers,Patricia McKenna,8 Johnstown Road,Cork,,Ireland,10298,37,6,1996-09-05,2,137,10298,59,30,59,Raclette Courdavault,28,4,5 kg pkg.,55.0
137,37,Hungry Owl All-Night Grocers,Patricia McKenna,8 Johnstown Road,Cork,,Ireland,10298,37,6,1996-09-05,2,138,10298,62,15,62,Tarte au sucre,29,3,48 pies,49.3
138,67,Ricardo Adocicados,Janete Limeira,"Av. Copacabana, 267",Rio de Janeiro,02389-890,Brazil,10299,67,4,1996-09-06,2,139,10299,19,15,19,Teatime Chocolate Biscuits,8,3,10 boxes x 12 pieces,9.2
139,67,Ricardo Adocicados,Janete Limeira,"Av. Copacabana, 267",Rio de Janeiro,02389-890,Brazil,10299,67,4,1996-09-06,2,140,10299,70,20,70,Outback Lager,7,1,24 - 355 ml bottles,15.0
140,49,Magazzini Alimentari Riuniti,Giovanni Rovelli,Via Ludovico il Moro 22,Bergamo,24100,Italy,10300,49,2,1996-09-09,2,141,10300,66,30,66,Louisiana Hot Spiced Okra,2,2,24 - 8 oz jars,17.0
141,49,Magazzini Alimentari Riuniti,Giovanni Rovelli,Via Ludovico il Moro 22,Bergamo,24100,Italy,10300,49,2,1996-09-09,2,142,10300,68,20,68,Scottish Longbreads,8,3,10 boxes x 8 pieces,12.5
142,86,Die Wandernde Kuh,Rita Müller,Adenauerallee 900,Stuttgart,70563,Germany,10301,86,8,1996-09-09,2,143,10301,40,10,40,Boston Crab Meat,19,8,24 - 4 oz tins,18.4
143,86,Die Wandernde Kuh,Rita Müller,Adenauerallee 900,Stuttgart,70563,Germany,10301,86,8,1996-09-09,2,144,10301,56,20,56,Gnocchi di nonna Alice,26,5,24 - 250 g pkgs.,38.0
144,76,Suprêmes délices,Pascale Cartrain,"Boulevard Tirou, 255",Charleroi,B-6000,Belgium,10302,76,4,1996-09-10,2,145,10302,17,40,17,Alice Mutton,7,6,20 - 1 kg tins,39.0
145,76,Suprêmes délices,Pascale Cartrain,"Boulevard Tirou, 255",Charleroi,B-6000,Belgium,10302,76,4,1996-09-10,2,146,10302,28,28,28,Rössle Sauerkraut,12,7,25 - 825 g cans,45.6
146,76,Suprêmes délices,Pascale Cartrain,"Boulevard Tirou, 255",Charleroi,B-6000,Belgium,10302,76,4,1996-09-10,2,147,10302,43,12,43,Ipoh Coffee,20,1,16 - 500 g tins,46.0
147,30,Godos Cocina Típica,José Pedro Freyre,"C/ Romero, 33",Sevilla,41101,Spain,10303,30,7,1996-09-11,2,148,10303,40,40,40,Boston Crab Meat,19,8,24 - 4 oz tins,18.4
148,30,Godos Cocina Típica,José Pedro Freyre,"C/ Romero, 33",Sevilla,41101,Spain,10303,30,7,1996-09-11,2,149,10303,65,30,65,Louisiana Fiery Hot Pepper Sauce,2,2,32 - 8 oz bottles,21.05
149,30,Godos Cocina Típica,José Pedro Freyre,"C/ Romero, 33",Sevilla,41101,Spain,10303,30,7,1996-09-11,2,150,10303,68,15,68,Scottish Longbreads,8,3,10 boxes x 8 pieces,12.5
150,80,Tortuga Restaurante,Miguel Angel Paolino,Avda. Azteca 123,México D.F.,05033,Mexico,10304,80,1,1996-09-12,2,151,10304,49,30,49,Maxilaku,23,3,24 - 50 g pkgs.,20.0
151,80,Tortuga Restaurante,Miguel Angel Paolino,Avda. Azteca 123,México D.F.,05033,Mexico,10304,80,1,1996-09-12,2,152,10304,59,10,59,Raclette Courdavault,28,4,5 kg pkg.,55.0
152,80,Tortuga Restaurante,Miguel Angel Paolino,Avda. Azteca 123,México D.F.,05033,Mexico,10304,80,1,1996-09-12,2,153,10304,71,2,71,Fløtemysost,15,4,10 - 500 g pkgs.,21.5
153,55,Old World Delicatessen,Rene Phillips,2743 Bering St.,Anchorage,99508,USA,10305,55,8,1996-09-13,3,154,10305,18,25,18,Carnarvon Tigers,7,8,16 kg pkg.,62.5
154,55,Old World Delicatessen,Rene Phillips,2743 Bering St.,Anchorage,99508,USA,10305,55,8,1996-09-13,3,155,10305,29,25,29,Thüringer Rostbratwurst,12,6,50 bags x 30 sausgs.,123.79
155,55,Old World Delicatessen,Rene Phillips,2743 Bering St.,Anchorage,99508,USA,10305,55,8,1996-09-13,3,156,10305,39,30,39,Chartreuse verte,18,1,750 cc per bottle,18.0
156,69,Romero y tomillo,Alejandra Camino,"Gran Vía, 1",Madrid,28001,Spain,10306,69,1,1996-09-16,3,157,10306,30,10,30,Nord-Ost Matjeshering,13,8,10 - 200 g glasses,25.89
157,69,Romero y tomillo,Alejandra Camino,"Gran Vía, 1",Madrid,28001,Spain,10306,69,1,1996-09-16,3,158,10306,53,10,53,Perth Pasties,24,6,48 pieces,32.8
158,69,Romero y tomillo,Alejandra Camino,"Gran Vía, 1",Madrid,28001,Spain,10306,69,1,1996-09-16,3,159,10306,54,5,54,Tourtière,25,6,16 pies,7.45
159,48,Lonesome Pine Restaurant,Fran Wilson,89 Chiaroscuro Rd.,Portland,97219,USA,10307,48,2,1996-09-17,2,160,10307,62,10,62,Tarte au sucre,29,3,48 pies,49.3
160,48,Lonesome Pine Restaurant,Fran Wilson,89 Chiaroscuro Rd.,Portland,97219,USA,10307,48,2,1996-09-17,2,161,10307,68,3,68,Scottish Longbreads,8,3,10 boxes x 8 pieces,12.5
161,2,Ana Trujillo Emparedados y helados,Ana Trujillo,Avda. de la Constitución 2222,México D.F.,05021,Mexico,10308,2,7,1996-09-18,3,162,10308,69,1,69,Gudbrandsdalsost,15,4,10 kg pkg.,36.0
162,2,Ana Trujillo Emparedados y helados,Ana Trujillo,Avda. de la Constitución 2222,México D.F.,05021,Mexico,10308,2,7,1996-09-18,3,163,10308,70,5,70,Outback Lager,7,1,24 - 355 ml bottles,15.0
163,37,Hungry Owl All-Night Grocers,Patricia McKenna,8 Johnstown Road,Cork,,Ireland,10309,37,3,1996-09-19,1,164,10309,4,20,4,Chef Anton's Cajun Seasoning,2,2,48 - 6 oz jars,22.0
164,37,Hungry Owl All-Night Grocers,Patricia McKenna,8 Johnstown Road,Cork,,Ireland,10309,37,3,1996-09-19,1,165,10309,6,30,6,Grandma's Boysenberry Spread,3,2,12 - 8 oz jars,25.0
165,37,Hungry Owl All-Night Grocers,Patricia McKenna,8 Johnstown Road,Cork,,Ireland,10309,37,3,1996-09-19,1,166,10309,42,2,42,Singaporean Hokkien Fried Mee,20,5,32 - 1 kg pkgs.,14.0
166,37,Hungry Owl All-Night Grocers,Patricia McKenna,8 Johnstown Road,Cork,,Ireland,10309,37,3,1996-09-19,1,167,10309,43,20,43,Ipoh Coffee,20,1,16 - 500 g tins,46.0
167,37,Hungry Owl All-Night Grocers,Patricia McKenna,8 Johnstown Road,Cork,,Ireland,10309,37,3,1996-09-19,1,168,10309,71,3,71,Fløtemysost,15,4,10 - 500 g pkgs.,21.5
168,77,The Big Cheese,Liz Nixon,89 Jefferson Way Suite 2,Portland,97201,USA,10310,77,8,1996-09-20,2,169,10310,16,10,16,Pavlova,7,3,32 - 500 g boxes,17.45
169,77,The Big Cheese,Liz Nixon,89 Jefferson Way Suite 2,Portland,97201,USA,10310,77,8,1996-09-20,2,170,10310,62,5,62,Tarte au sucre,29,3,48 pies,49.3
170,18,Du monde entier,Janine Labrune,"67, rue des Cinquante Otages",Nantes,44000,France,10311,18,1,1996-09-20,3,171,10311,42,6,42,Singaporean Hokkien Fried Mee,20,5,32 - 1 kg pkgs.,14.0
171,18,Du monde entier,Janine Labrune,"67, rue des Cinquante Otages",Nantes,44000,France,10311,18,1,1996-09-20,3,172,10311,69,7,69,Gudbrandsdalsost,15,4,10 kg pkg.,36.0
172,86,Die Wandernde Kuh,Rita Müller,Adenauerallee 900,Stuttgart,70563,Germany,10312,86,2,1996-09-23,2,173,10312,28,4,28,Rössle Sauerkraut,12,7,25 - 825 g cans,45.6
173,86,Die Wandernde Kuh,Rita Müller,Adenauerallee 900,Stuttgart,70563,Germany,10312,86,2,1996-09-23,2,174,10312,43,24,43,Ipoh Coffee,20,1,16 - 500 g tins,46.0
174,86,Die Wandernde Kuh,Rita Müller,Adenauerallee 900,Stuttgart,70563,Germany,10312,86,2,1996-09-23,2,175,10312,53,20,53,Perth Pasties,24,6,48 pieces,32.8
175,86,Die Wandernde Kuh,Rita Müller,Adenauerallee 900,Stuttgart,70563,Germany,10312,86,2,1996-09-23,2,176,10312,75,10,75,Rhönbräu Klosterbier,12,1,24 - 0.5 l bottles,7.75
176,63,QUICK-Stop,Horst Kloss,Taucherstraße 10,Cunewalde,01307,Germany,10313,63,2,1996-09-24,2,177,10313,36,12,36,Inlagd Sill,17,8,24 - 250 g jars,19.0
177,65,Rattlesnake Canyon Grocery,Paula Wilson,2817 Milton Dr.,Albuquerque,87110,USA,10314,65,1,1996-09-25,2,178,10314,32,40,32,Mascarpone Fabioli,14,4,24 - 200 g pkgs.,32.0
178,65,Rattlesnake Canyon Grocery,Paula Wilson,2817 Milton Dr.,Albuquerque,87110,USA,10314,65,1,1996-09-25,2,179,10314,58,30,58,Escargots de Bourgogne,27,8,24 pieces,13.25
179,65,Rattlesnake Canyon Grocery,Paula Wilson,2817 Milton Dr.,Albuquerque,87110,USA,10314,65,1,1996-09-25,2,180,10314,62,25,62,Tarte au sucre,29,3,48 pies,49.3
180,38,Island Trading,Helen Bennett,Garden House Crowther Way,Cowes,PO31 7PJ,UK,10315,38,4,1996-09-26,2,181,10315,34,14,34,Sasquatch Ale,16,1,24 - 12 oz bottles,14.0
181,38,Island Trading,Helen Bennett,Garden House Crowther Way,Cowes,PO31 7PJ,UK,10315,38,4,1996-09-26,2,182,10315,70,30,70,Outback Lager,7,1,24 - 355 ml bottles,15.0
182,65,Rattlesnake Canyon Grocery,Paula Wilson,2817 Milton Dr.,Albuquerque,87110,USA,10316,65,1,1996-09-27,3,183,10316,41,10,41,Jack's New England Clam Chowder,19,8,12 - 12 oz cans,9.65
183,65,Rattlesnake Canyon Grocery,Paula Wilson,2817 Milton Dr.,Albuquerque,87110,USA,10316,65,1,1996-09-27,3,184,10316,62,70,62,Tarte au sucre,29,3,48 pies,49.3
184,48,Lonesome Pine Restaurant,Fran Wilson,89 Chiaroscuro Rd.,Portland,97219,USA,10317,48,6,1996-09-30,1,185,10317,1,20,1,Chais,1,1,10 boxes x 20 bags,18.0
185,38,Island Trading,Helen Bennett,Garden House Crowther Way,Cowes,PO31 7PJ,UK,10318,38,8,1996-10-01,2,186,10318,41,20,41,Jack's New England Clam Chowder,19,8,12 - 12 oz cans,9.65
186,38,Island Trading,Helen Bennett,Garden House Crowther Way,Cowes,PO31 7PJ,UK,10318,38,8,1996-10-01,2,187,10318,76,6,76,Lakkalikööri,23,1,500 ml,18.0
187,80,Tortuga Restaurante,Miguel Angel Paolino,Avda. Azteca 123,México D.F.,05033,Mexico,10319,80,7,1996-10-02,3,188,10319,17,8,17,Alice Mutton,7,6,20 - 1 kg tins,39.0
188,80,Tortuga Restaurante,Miguel Angel Paolino,Avda. Azteca 123,México D.F.,05033,Mexico,10319,80,7,1996-10-02,3,189,10319,28,14,28,Rössle Sauerkraut,12,7,25 - 825 g cans,45.6
189,80,Tortuga Restaurante,Miguel Angel Paolino,Avda. Azteca 123,México D.F.,05033,Mexico,10319,80,7,1996-10-02,3,190,10319,76,30,76,Lakkalikööri,23,1,500 ml,18.0
190,87,Wartian Herkku,Pirkko Koskitalo,Torikatu 38,Oulu,90110,Finland,10320,87,5,1996-10-03,3,191,10320,71,30,71,Fløtemysost,15,4,10 - 500 g pkgs.,21.5
191,38,Island Trading,Helen Bennett,Garden House Crowther Way,Cowes,PO31 7PJ,UK,10321,38,3,1996-10-03,2,192,10321,35,10,35,Steeleye Stout,16,1,24 - 12 oz bottles,18.0
192,58,Pericles Comidas clásicas,Guillermo Fernández,Calle Dr. Jorge Cash 321,México D.F.,05033,Mexico,10322,58,7,1996-10-04,3,193,10322,52,20,52,Filo Mix,24,5,16 - 2 kg boxes,7.0
193,39,Königlich Essen,Philip Cramer,Maubelstr. 90,Brandenburg,14776,Germany,10323,39,4,1996-10-07,1,194,10323,15,5,15,Genen Shouyu,6,2,24 - 250 ml bottles,15.5
194,39,Königlich Essen,Philip Cramer,Maubelstr. 90,Brandenburg,14776,Germany,10323,39,4,1996-10-07,1,195,10323,25,4,25,NuNuCa Nuß-Nougat-Creme,11,3,20 - 450 g glasses,14.0
195,39,Königlich Essen,Philip Cramer,Maubelstr. 90,Brandenburg,14776,Germany,10323,39,4,1996-10-07,1,196,10323,39,4,39,Chartreuse verte,18,1,750 cc per bottle,18.0
196,71,Save-a-lot Markets,Jose Pavarotti,187 Suffolk Ln.,Boise,83720,USA,10324,71,9,1996-10-08,1,197,10324,16,21,16,Pavlova,7,3,32 - 500 g boxes,17.45
197,71,Save-a-lot Markets,Jose Pavarotti,187 Suffolk Ln.,Boise,83720,USA,10324,71,9,1996-10-08,1,198,10324,35,70,35,Steeleye Stout,16,1,24 - 12 oz bottles,18.0
198,71,Save-a-lot Markets,Jose Pavarotti,187 Suffolk Ln.,Boise,83720,USA,10324,71,9,1996-10-08,1,199,10324,46,30,46,Spegesild,21,8,4 - 450 g glasses,12.0
199,71,Save-a-lot Markets,Jose Pavarotti,187 Suffolk Ln.,Boise,83720,USA,10324,71,9,1996-10-08,1,200,10324,59,40,59,Raclette Courdavault,28,4,5 kg pkg.,55.0
200,71,Save-a-lot Markets,Jose Pavarotti,187 Suffolk Ln.,Boise,83720,USA,10324,71,9,1996-10-08,1,201,10324,63,80,63,Vegie-spread,7,2,15 - 625 g jars,43.9
201,39,Königlich Essen,Philip Cramer,Maubelstr. 90,Brandenburg,14776,Germany,10325,39,1,1996-10-09,3,202,10325,6,6,6,Grandma's Boysenberry Spread,3,2,12 - 8 oz jars,25.0
202,39,Königlich Essen,Philip Cramer,Maubelstr. 90,Brandenburg,14776,Germany,10325,39,1,1996-10-09,3,203,10325,13,12,13,Konbu,6,8,2 kg box,6.0
203,39,Königlich Essen,Philip Cramer,Maubelstr. 90,Brandenburg,14776,Germany,10325,39,1,1996-10-09,3,204,10325,14,9,14,Tofu,6,7,40 - 100 g pkgs.,23.25
204,39,Königlich Essen,Philip Cramer,Maubelstr. 90,Brandenburg,14776,Germany,10325,39,1,1996-10-09,3,205,10325,31,4,31,Gorgonzola Telino,14,4,12 - 100 g pkgs,12.5
205,39,Königlich Essen,Philip Cramer,Maubelstr. 90,Brandenburg,14776,Germany,10325,39,1,1996-10-09,3,206,10325,72,40,72,Mozzarella di Giovanni,14,4,24 - 200 g pkgs.,34.8
206,8,Bólido Comidas preparadas,Martín Sommer,"C/ Araquil, 67",Madrid,28023,Spain,10326,8,4,1996-10-10,2,207,10326,4,24,4,Chef Anton's Cajun Seasoning,2,2,48 - 6 oz jars,22.0
207,8,Bólido Comidas preparadas,Martín Sommer,"C/ Araquil, 67",Madrid,28023,Spain,10326,8,4,1996-10-10,2,208,10326,57,16,57,Ravioli Angelo,26,5,24 - 250 g pkgs.,19.5
208,8,Bólido Comidas preparadas,Martín Sommer,"C/ Araquil, 67",Madrid,28023,Spain,10326,8,4,1996-10-10,2,209,10326,75,50,75,Rhönbräu Klosterbier,12,1,24 - 0.5 l bottles,7.75
209,24,Folk och fä HB,Maria Larsson,Åkergatan 24,Bräcke,S-844 67,Sweden,10327,24,2,1996-10-11,1,210,10327,2,25,2,Chang,1,1,24 - 12 oz bottles,19.0
210,24,Folk och fä HB,Maria Larsson,Åkergatan 24,Bräcke,S-844 67,Sweden,10327,24,2,1996-10-11,1,211,10327,11,50,11,Queso Cabrales,5,4,1 kg pkg.,21.0
211,24,Folk och fä HB,Maria Larsson,Åkergatan 24,Bräcke,S-844 67,Sweden,10327,24,2,1996-10-11,1,212,10327,30,35,30,Nord-Ost Matjeshering,13,8,10 - 200 g glasses,25.89
212,24,Folk och fä HB,Maria Larsson,Åkergatan 24,Bräcke,S-844 67,Sweden,10327,24,2,1996-10-11,1,213,10327,58,30,58,Escargots de Bourgogne,27,8,24 pieces,13.25
213,28,Furia Bacalhau e Frutos do Mar,Lino Rodriguez,Jardim das rosas n. 32,Lisboa,1675,Portugal,10328,28,4,1996-10-14,3,214,10328,59,9,59,Raclette Courdavault,28,4,5 kg pkg.,55.0
214,28,Furia Bacalhau e Frutos do Mar,Lino Rodriguez,Jardim das rosas n. 32,Lisboa,1675,Portugal,10328,28,4,1996-10-14,3,215,10328,65,40,65,Louisiana Fiery Hot Pepper Sauce,2,2,32 - 8 oz bottles,21.05
215,28,Furia Bacalhau e Frutos do Mar,Lino Rodriguez,Jardim das rosas n. 32,Lisboa,1675,Portugal,10328,28,4,1996-10-14,3,216,10328,68,10,68,Scottish Longbreads,8,3,10 boxes x 8 pieces,12.5
216,75,Split Rail Beer & Ale,Art Braunschweiger,P.O. Box 555,Lander,82520,USA,10329,75,4,1996-10-15,2,217,10329,19,10,19,Teatime Chocolate Biscuits,8,3,10 boxes x 12 pieces,9.2
217,75,Split Rail Beer & Ale,Art Braunschweiger,P.O. Box 555,Lander,82520,USA,10329,75,4,1996-10-15,2,218,10329,30,8,30,Nord-Ost Matjeshering,13,8,10 - 200 g glasses,25.89
218,75,Split Rail Beer & Ale,Art Braunschweiger,P.O. Box 555,Lander,82520,USA,10329,75,4,1996-10-15,2,219,10329,38,20,38,Côte de Blaye,18,1,12 - 75 cl bottles,263.5
219,75,Split Rail Beer & Ale,Art Braunschweiger,P.O. Box 555,Lander,82520,USA,10329,75,4,1996-10-15,2,220,10329,56,12,56,Gnocchi di nonna Alice,26,5,24 - 250 g pkgs.,38.0
220,46,LILA-Supermercado,Carlos González,Carrera 52 con Ave. Bolívar #65-98 Llano Largo,Barquisimeto,3508,Venezuela,10330,46,3,1996-10-16,1,221,10330,26,50,26,Gumbär Gummibärchen,11,3,100 - 250 g bags,31.23
221,46,LILA-Supermercado,Carlos González,Carrera 52 con Ave. Bolívar #65-98 Llano Largo,Barquisimeto,3508,Venezuela,10330,46,3,1996-10-16,1,222,10330,72,25,72,Mozzarella di Giovanni,14,4,24 - 200 g pkgs.,34.8
222,9,Bon app',Laurence Lebihans,"12, rue des Bouchers",Marseille,13008,France,10331,9,9,1996-10-16,1,223,10331,54,15,54,Tourtière,25,6,16 pies,7.45
223,51,Mère Paillarde,Jean Fresnière,43 rue St. Laurent,Montréal,H1J 1C3,Canada,10332,51,3,1996-10-17,2,224,10332,18,40,18,Carnarvon Tigers,7,8,16 kg pkg.,62.5
224,51,Mère Paillarde,Jean Fresnière,43 rue St. Laurent,Montréal,H1J 1C3,Canada,10332,51,3,1996-10-17,2,225,10332,42,10,42,Singaporean Hokkien Fried Mee,20,5,32 - 1 kg pkgs.,14.0
225,51,Mère Paillarde,Jean Fresnière,43 rue St. Laurent,Montréal,H1J 1C3,Canada,10332,51,3,1996-10-17,2,226,10332,47,16,47,Zaanse koeken,22,3,10 - 4 oz boxes,9.5
226,87,Wartian Herkku,Pirkko Koskitalo,Torikatu 38,Oulu,90110,Finland,10333,87,5,1996-10-18,3,227,10333,14,10,14,Tofu,6,7,40 - 100 g pkgs.,23.25
227,87,Wartian Herkku,Pirkko Koskitalo,Torikatu 38,Oulu,90110,Finland,10333,87,5,1996-10-18,3,228,10333,21,10,21,Sir Rodney's Scones,8,3,24 pkgs. x 4 pieces,10.0
228,87,Wartian Herkku,Pirkko Koskitalo,Torikatu 38,Oulu,90110,Finland,10333,87,5,1996-10-18,3,229,10333,71,40,71,Fløtemysost,15,4,10 - 500 g pkgs.,21.5
229,84,Victuailles en stock,Mary Saveley,"2, rue du Commerce",Lyon,69004,France,10334,84,8,1996-10-21,2,230,10334,52,8,52,Filo Mix,24,5,16 - 2 kg boxes,7.0
230,84,Victuailles en stock,Mary Saveley,"2, rue du Commerce",Lyon,69004,France,10334,84,8,1996-10-21,2,231,10334,68,10,68,Scottish Longbreads,8,3,10 boxes x 8 pieces,12.5
231,37,Hungry Owl All-Night Grocers,Patricia McKenna,8 Johnstown Road,Cork,,Ireland,10335,37,7,1996-10-22,2,232,10335,2,7,2,Chang,1,1,24 - 12 oz bottles,19.0
232,37,Hungry Owl All-Night Grocers,Patricia McKenna,8 Johnstown Road,Cork,,Ireland,10335,37,7,1996-10-22,2,233,10335,31,25,31,Gorgonzola Telino,14,4,12 - 100 g pkgs,12.5
233,37,Hungry Owl All-Night Grocers,Patricia McKenna,8 Johnstown Road,Cork,,Ireland,10335,37,7,1996-10-22,2,234,10335,32,6,32,Mascarpone Fabioli,14,4,24 - 200 g pkgs.,32.0
234,37,Hungry Owl All-Night Grocers,Patricia McKenna,8 Johnstown Road,Cork,,Ireland,10335,37,7,1996-10-22,2,235,10335,51,48,51,Manjimup Dried Apples,24,7,50 - 300 g pkgs.,53.0
235,60,Princesa Isabel Vinhoss,Isabel de Castro,Estrada da saúde n. 58,Lisboa,1756,Portugal,10336,60,7,1996-10-23,2,236,10336,4,18,4,Chef Anton's Cajun Seasoning,2,2,48 - 6 oz jars,22.0
236,25,Frankenversand,Peter Franken,Berliner Platz 43,München,80805,Germany,10337,25,4,1996-10-24,3,237,10337,23,40,23,Tunnbröd,9,5,12 - 250 g pkgs.,9.0
237,25,Frankenversand,Peter Franken,Berliner Platz 43,München,80805,Germany,10337,25,4,1996-10-24,3,238,10337,26,24,26,Gumbär Gummibärchen,11,3,100 - 250 g bags,31.23
238,25,Frankenversand,Peter Franken,Berliner Platz 43,München,80805,Germany,10337,25,4,1996-10-24,3,239,10337,36,20,36,Inlagd Sill,17,8,24 - 250 g jars,19.0
239,25,Frankenversand,Peter Franken,Berliner Platz 43,München,80805,Germany,10337,25,4,1996-10-24,3,240,10337,37,28,37,Gravad lax,17,8,12 - 500 g pkgs.,26.0
240,25,Frankenversand,Peter Franken,Berliner Platz 43,München,80805,Germany,10337,25,4,1996-10-24,3,241,10337,72,25,72,Mozzarella di Giovanni,14,4,24 - 200 g pkgs.,34.8
241,55,Old World Delicatessen,Rene Phillips,2743 Bering St.,Anchorage,99508,USA,10338,55,4,1996-10-25,3,242,10338,17,20,17,Alice Mutton,7,6,20 - 1 kg tins,39.0
242,55,Old World Delicatessen,Rene Phillips,2743 Bering St.,Anchorage,99508,USA,10338,55,4,1996-10-25,3,243,10338,30,15,30,Nord-Ost Matjeshering,13,8,10 - 200 g glasses,25.89
243,51,Mère Paillarde,Jean Fresnière,43 rue St. Laurent,Montréal,H1J 1C3,Canada,10339,51,2,1996-10-28,2,244,10339,4,10,4,Chef Anton's Cajun Seasoning,2,2,48 - 6 oz jars,22.0
244,51,Mère Paillarde,Jean Fresnière,43 rue St. Laurent,Montréal,H1J 1C3,Canada,10339,51,2,1996-10-28,2,245,10339,17,70,17,Alice Mutton,7,6,20 - 1 kg tins,39.0
245,51,Mère Paillarde,Jean Fresnière,43 rue St. Laurent,Montréal,H1J 1C3,Canada,10339,51,2,1996-10-28,2,246,10339,62,28,62,Tarte au sucre,29,3,48 pies,49.3
246,9,Bon app',Laurence Lebihans,"12, rue des Bouchers",Marseille,13008,France,10340,9,1,1996-10-29,3,247,10340,18,20,18,Carnarvon Tigers,7,8,16 kg pkg.,62.5
247,9,Bon app',Laurence Lebihans,"12, rue des Bouchers",Marseille,13008,France,10340,9,1,1996-10-29,3,248,10340,41,12,41,Jack's New England Clam Chowder,19,8,12 - 12 oz cans,9.65
248,9,Bon app',Laurence Lebihans,"12, rue des Bouchers",Marseille,13008,France,10340,9,1,1996-10-29,3,249,10340,43,40,43,Ipoh Coffee,20,1,16 - 500 g tins,46.0
249,73,Simons bistro,Jytte Petersen,Vinbæltet 34,København,1734,Denmark,10341,73,7,1996-10-29,3,250,10341,33,8,33,Geitost,15,4,500 g,2.5
250,73,Simons bistro,Jytte Petersen,Vinbæltet 34,København,1734,Denmark,10341,73,7,1996-10-29,3,251,10341,59,9,59,Raclette Courdavault,28,4,5 kg pkg.,55.0
251,25,Frankenversand,Peter Franken,Berliner Platz 43,München,80805,Germany,10342,25,4,1996-10-30,2,252,10342,2,24,2,Chang,1,1,24 - 12 oz bottles,19.0
252,25,Frankenversand,Peter Franken,Berliner Platz 43,München,80805,Germany,10342,25,4,1996-10-30,2,253,10342,31,56,31,Gorgonzola Telino,14,4,12 - 100 g pkgs,12.5
253,25,Frankenversand,Peter Franken,Berliner Platz 43,München,80805,Germany,10342,25,4,1996-10-30,2,254,10342,36,40,36,Inlagd Sill,17,8,24 - 250 g jars,19.0
254,25,Frankenversand,Peter Franken,Berliner Platz 43,München,80805,Germany,10342,25,4,1996-10-30,2,255,10342,55,40,55,Pâté chinois,25,6,24 boxes x 2 pies,24.0
255,44,Lehmanns Marktstand,Renate Messner,Magazinweg 7,Frankfurt a.M.,60528,Germany,10343,44,4,1996-10-31,1,256,10343,64,50,64,Wimmers gute Semmelknödel,12,5,20 bags x 4 pieces,33.25
256,44,Lehmanns Marktstand,Renate Messner,Magazinweg 7,Frankfurt a.M.,60528,Germany,10343,44,4,1996-10-31,1,257,10343,68,4,68,Scottish Longbreads,8,3,10 boxes x 8 pieces,12.5
257,44,Lehmanns Marktstand,Renate Messner,Magazinweg 7,Frankfurt a.M.,60528,Germany,10343,44,4,1996-10-31,1,258,10343,76,15,76,Lakkalikööri,23,1,500 ml,18.0
258,89,White Clover Markets,Karl Jablonski,305 - 14th Ave. S. Suite 3B,Seattle,98128,USA,10344,89,4,1996-11-01,2,259,10344,4,35,4,Chef Anton's Cajun Seasoning,2,2,48 - 6 oz jars,22.0
259,89,White Clover Markets,Karl Jablonski,305 - 14th Ave. S. Suite 3B,Seattle,98128,USA,10344,89,4,1996-11-01,2,260,10344,8,70,8,Northwoods Cranberry Sauce,3,2,12 - 12 oz jars,40.0
260,63,QUICK-Stop,Horst Kloss,Taucherstraße 10,Cunewalde,01307,Germany,10345,63,2,1996-11-04,2,261,10345,8,70,8,Northwoods Cranberry Sauce,3,2,12 - 12 oz jars,40.0
261,63,QUICK-Stop,Horst Kloss,Taucherstraße 10,Cunewalde,01307,Germany,10345,63,2,1996-11-04,2,262,10345,19,80,19,Teatime Chocolate Biscuits,8,3,10 boxes x 12 pieces,9.2
262,63,QUICK-Stop,Horst Kloss,Taucherstraße 10,Cunewalde,01307,Germany,10345,63,2,1996-11-04,2,263,10345,42,9,42,Singaporean Hokkien Fried Mee,20,5,32 - 1 kg pkgs.,14.0
263,65,Rattlesnake Canyon Grocery,Paula Wilson,2817 Milton Dr.,Albuquerque,87110,USA,10346,65,3,1996-11-05,3,264,10346,17,36,17,Alice Mutton,7,6,20 - 1 kg tins,39.0
264,65,Rattlesnake Canyon Grocery,Paula Wilson,2817 Milton Dr.,Albuquerque,87110,USA,10346,65,3,1996-11-05,3,265,10346,56,20,56,Gnocchi di nonna Alice,26,5,24 - 250 g pkgs.,38.0
265,21,Familia Arquibaldo,Aria Cruz,"Rua Orós, 92",São Paulo,05442-030,Brazil,10347,21,4,1996-11-06,3,266,10347,25,10,25,NuNuCa Nuß-Nougat-Creme,11,3,20 - 450 g glasses,14.0
266,21,Familia Arquibaldo,Aria Cruz,"Rua Orós, 92",São Paulo,05442-030,Brazil,10347,21,4,1996-11-06,3,267,10347,39,50,39,Chartreuse verte,18,1,750 cc per bottle,18.0
267,21,Familia Arquibaldo,Aria Cruz,"Rua Orós, 92",São Paulo,05442-030,Brazil,10347,21,4,1996-11-06,3,268,10347,40,4,40,Boston Crab Meat,19,8,24 - 4 oz tins,18.4
268,21,Familia Arquibaldo,Aria Cruz,"Rua Orós, 92",São Paulo,05442-030,Brazil,10347,21,4,1996-11-06,3,269,10347,75,6,75,Rhönbräu Klosterbier,12,1,24 - 0.5 l bottles,7.75
269,86,Die Wandernde Kuh,Rita Müller,Adenauerallee 900,Stuttgart,70563,Germany,10348,86,4,1996-11-07,2,270,10348,1,15,1,Chais,1,1,10 boxes x 20 bags,18.0
270,86,Die Wandernde Kuh,Rita Müller,Adenauerallee 900,Stuttgart,70563,Germany,10348,86,4,1996-11-07,2,271,10348,23,25,23,Tunnbröd,9,5,12 - 250 g pkgs.,9.0
271,75,Split Rail Beer & Ale,Art Braunschweiger,P.O. Box 555,Lander,82520,USA,10349,75,7,1996-11-08,1,272,10349,54,24,54,Tourtière,25,6,16 pies,7.45
272,41,La maison d'Asie,Annette Roulet,1 rue Alsace-Lorraine,Toulouse,31000,France,10350,41,6,1996-11-11,2,273,10350,50,15,50,Valkoinen suklaa,23,3,12 - 100 g bars,16.25
273,41,La maison d'Asie,Annette Roulet,1 rue Alsace-Lorraine,Toulouse,31000,France,10350,41,6,1996-11-11,2,274,10350,69,18,69,Gudbrandsdalsost,15,4,10 kg pkg.,36.0
274,20,Ernst Handel,Roland Mendel,Kirchgasse 6,Graz,8010,Austria,10351,20,1,1996-11-11,1,275,10351,38,20,38,Côte de Blaye,18,1,12 - 75 cl bottles,263.5
275,20,Ernst Handel,Roland Mendel,Kirchgasse 6,Graz,8010,Austria,10351,20,1,1996-11-11,1,276,10351,41,13,41,Jack's New England Clam Chowder,19,8,12 - 12 oz cans,9.65
276,20,Ernst Handel,Roland Mendel,Kirchgasse 6,Graz,8010,Austria,10351,20,1,1996-11-11,1,277,10351,44,77,44,Gula Malacca,20,2,20 - 2 kg bags,19.45
277,20,Ernst Handel,Roland Mendel,Kirchgasse 6,Graz,8010,Austria,10351,20,1,1996-11-11,1,278,10351,65,10,65,Louisiana Fiery Hot Pepper Sauce,2,2,32 - 8 oz bottles,21.05
278,28,Furia Bacalhau e Frutos do Mar,Lino Rodriguez,Jardim das rosas n. 32,Lisboa,1675,Portugal,10352,28,3,1996-11-12,3,279,10352,24,10,24,Guaraná Fantástica,10,1,12 - 355 ml cans,4.5
279,28,Furia Bacalhau e Frutos do Mar,Lino Rodriguez,Jardim das rosas n. 32,Lisboa,1675,Portugal,10352,28,3,1996-11-12,3,280,10352,54,20,54,Tourtière,25,6,16 pies,7.45
280,59,Piccolo und mehr,Georg Pipps,Geislweg 14,Salzburg,5020,Austria,10353,59,7,1996-11-13,3,281,10353,11,12,11,Queso Cabrales,5,4,1 kg pkg.,21.0
281,59,Piccolo und mehr,Georg Pipps,Geislweg 14,Salzburg,5020,Austria,10353,59,7,1996-11-13,3,282,10353,38,50,38,Côte de Blaye,18,1,12 - 75 cl bottles,263.5
282,58,Pericles Comidas clásicas,Guillermo Fernández,Calle Dr. Jorge Cash 321,México D.F.,05033,Mexico,10354,58,8,1996-11-14,3,283,10354,1,12,1,Chais,1,1,10 boxes x 20 bags,18.0
283,58,Pericles Comidas clásicas,Guillermo Fernández,Calle Dr. Jorge Cash 321,México D.F.,05033,Mexico,10354,58,8,1996-11-14,3,284,10354,29,4,29,Thüringer Rostbratwurst,12,6,50 bags x 30 sausgs.,123.79
284,4,Around the Horn,Thomas Hardy,120 Hanover Sq.,London,WA1 1DP,UK,10355,4,6,1996-11-15,1,285,10355,24,25,24,Guaraná Fantástica,10,1,12 - 355 ml cans,4.5
285,4,Around the Horn,Thomas Hardy,120 Hanover Sq.,London,WA1 1DP,UK,10355,4,6,1996-11-15,1,286,10355,57,25,57,Ravioli Angelo,26,5,24 - 250 g pkgs.,19.5
286,86,Die Wandernde Kuh,Rita Müller,Adenauerallee 900,Stuttgart,70563,Germany,10356,86,6,1996-11-18,2,287,10356,31,30,31,Gorgonzola Telino,14,4,12 - 100 g pkgs,12.5
287,86,Die Wandernde Kuh,Rita Müller,Adenauerallee 900,Stuttgart,70563,Germany,10356,86,6,1996-11-18,2,288,10356,55,12,55,Pâté chinois,25,6,24 boxes x 2 pies,24.0
288,86,Die Wandernde Kuh,Rita Müller,Adenauerallee 900,Stuttgart,70563,Germany,10356,86,6,1996-11-18,2,289,10356,69,20,69,Gudbrandsdalsost,15,4,10 kg pkg.,36.0
289,46,LILA-Supermercado,Carlos González,Carrera 52 con Ave. Bolívar #65-98 Llano Largo,Barquisimeto,3508,Venezuela,10357,46,1,1996-11-19,3,290,10357,10,30,10,Ikura,4,8,12 - 200 ml jars,31.0
290,46,LILA-Supermercado,Carlos González,Carrera 52 con Ave. Bolívar #65-98 Llano Largo,Barquisimeto,3508,Venezuela,10357,46,1,1996-11-19,3,291,10357,26,16,26,Gumbär Gummibärchen,11,3,100 - 250 g bags,31.23
291,46,LILA-Supermercado,Carlos González,Carrera 52 con Ave. Bolívar #65-98 Llano Largo,Barquisimeto,3508,Venezuela,10357,46,1,1996-11-19,3,292,10357,60,8,60,Camembert Pierrot,28,4,15 - 300 g rounds,34.0
292,41,La maison d'Asie,Annette Roulet,1 rue Alsace-Lorraine,Toulouse,31000,France,10358,41,5,1996-11-20,1,293,10358,24,10,24,Guaraná Fantástica,10,1,12 - 355 ml cans,4.5
293,41,La maison d'Asie,Annette Roulet,1 rue Alsace-Lorraine,Toulouse,31000,France,10358,41,5,1996-11-20,1,294,10358,34,10,34,Sasquatch Ale,16,1,24 - 12 oz bottles,14.0
294,41,La maison d'Asie,Annette Roulet,1 rue Alsace-Lorraine,Toulouse,31000,France,10358,41,5,1996-11-20,1,295,10358,36,20,36,Inlagd Sill,17,8,24 - 250 g jars,19.0
295,72,Seven Seas Imports,Hari Kumar,90 Wadhurst Rd.,London,OX15 4NB,UK,10359,72,5,1996-11-21,3,296,10359,16,56,16,Pavlova,7,3,32 - 500 g boxes,17.45
296,72,Seven Seas Imports,Hari Kumar,90 Wadhurst Rd.,London,OX15 4NB,UK,10359,72,5,1996-11-21,3,297,10359,31,70,31,Gorgonzola Telino,14,4,12 - 100 g pkgs,12.5
297,72,Seven Seas Imports,Hari Kumar,90 Wadhurst Rd.,London,OX15 4NB,UK,10359,72,5,1996-11-21,3,298,10359,60,80,60,Camembert Pierrot,28,4,15 - 300 g rounds,34.0
298,7,Blondel père et fils,Frédérique Citeaux,"24, place Kléber",Strasbourg,67000,France,10360,7,4,1996-11-22,3,299,10360,28,30,28,Rössle Sauerkraut,12,7,25 - 825 g cans,45.6
299,7,Blondel père et fils,Frédérique Citeaux,"24, place Kléber",Strasbourg,67000,France,10360,7,4,1996-11-22,3,300,10360,29,35,29,Thüringer Rostbratwurst,12,6,50 bags x 30 sausgs.,123.79
300,7,Blondel père et fils,Frédérique Citeaux,"24, place Kléber",Strasbourg,67000,France,10360,7,4,1996-11-22,3,301,10360,38,10,38,Côte de Blaye,18,1,12 - 75 cl bottles,263.5
301,7,Blondel père et fils,Frédérique Citeaux,"24, place Kléber",Strasbourg,67000,France,10360,7,4,1996-11-22,3,302,10360,49,35,49,Maxilaku,23,3,24 - 50 g pkgs.,20.0
302,7,Blondel père et fils,Frédérique Citeaux,"24, place Kléber",Strasbourg,67000,France,10360,7,4,1996-11-22,3,303,10360,54,28,54,Tourtière,25,6,16 pies,7.45
303,63,QUICK-Stop,Horst Kloss,Taucherstraße 10,Cunewalde,01307,Germany,10361,63,1,1996-11-22,2,304,10361,39,54,39,Chartreuse verte,18,1,750 cc per bottle,18.0
304,63,QUICK-Stop,Horst Kloss,Taucherstraße 10,Cunewalde,01307,Germany,10361,63,1,1996-11-22,2,305,10361,60,55,60,Camembert Pierrot,28,4,15 - 300 g rounds,34.0
305,9,Bon app',Laurence Lebihans,"12, rue des Bouchers",Marseille,13008,France,10362,9,3,1996-11-25,1,306,10362,25,50,25,NuNuCa Nuß-Nougat-Creme,11,3,20 - 450 g glasses,14.0
306,9,Bon app',Laurence Lebihans,"12, rue des Bouchers",Marseille,13008,France,10362,9,3,1996-11-25,1,307,10362,51,20,51,Manjimup Dried Apples,24,7,50 - 300 g pkgs.,53.0
307,9,Bon app',Laurence Lebihans,"12, rue des Bouchers",Marseille,13008,France,10362,9,3,1996-11-25,1,308,10362,54,24,54,Tourtière,25,6,16 pies,7.45
308,17,Drachenblut Delikatessend,Sven Ottlieb,Walserweg 21,Aachen,52066,Germany,10363,17,4,1996-11-26,3,309,10363,31,20,31,Gorgonzola Telino,14,4,12 - 100 g pkgs,12.5
309,17,Drachenblut Delikatessend,Sven Ottlieb,Walserweg 21,Aachen,52066,Germany,10363,17,4,1996-11-26,3,310,10363,75,12,75,Rhönbräu Klosterbier,12,1,24 - 0.5 l bottles,7.75
310,17,Drachenblut Delikatessend,Sven Ottlieb,Walserweg 21,Aachen,52066,Germany,10363,17,4,1996-11-26,3,311,10363,76,12,76,Lakkalikööri,23,1,500 ml,18.0
311,19,Eastern Connection,Ann Devon,35 King George,London,WX3 6FW,UK,10364,19,1,1996-11-26,1,312,10364,69,30,69,Gudbrandsdalsost,15,4,10 kg pkg.,36.0
312,19,Eastern Connection,Ann Devon,35 King George,London,WX3 6FW,UK,10364,19,1,1996-11-26,1,313,10364,71,5,71,Fløtemysost,15,4,10 - 500 g pkgs.,21.5
313,3,Antonio Moreno Taquería,Antonio Moreno,Mataderos 2312,México D.F.,05023,Mexico,10365,3,3,1996-11-27,2,314,10365,11,24,11,Queso Cabrales,5,4,1 kg pkg.,21.0
314,29,Galería del gastrónomo,Eduardo Saavedra,"Rambla de Cataluña, 23",Barcelona,08022,Spain,10366,29,8,1996-11-28,2,315,10366,65,5,65,Louisiana Fiery Hot Pepper Sauce,2,2,32 - 8 oz bottles,21.05
315,29,Galería del gastrónomo,Eduardo Saavedra,"Rambla de Cataluña, 23",Barcelona,08022,Spain,10366,29,8,1996-11-28,2,316,10366,77,5,77,Original Frankfurter grüne Soße,12,2,12 boxes,13.0
316,83,Vaffeljernet,Palle Ibsen,Smagsløget 45,Århus,8200,Denmark,10367,83,7,1996-11-28,3,317,10367,34,36,34,Sasquatch Ale,16,1,24 - 12 oz bottles,14.0
317,83,Vaffeljernet,Palle Ibsen,Smagsløget 45,Århus,8200,Denmark,10367,83,7,1996-11-28,3,318,10367,54,18,54,Tourtière,25,6,16 pies,7.45
318,83,Vaffeljernet,Palle Ibsen,Smagsløget 45,Århus,8200,Denmark,10367,83,7,1996-11-28,3,319,10367,65,15,65,Louisiana Fiery Hot Pepper Sauce,2,2,32 - 8 oz bottles,21.05
319,83,Vaffeljernet,Palle Ibsen,Smagsløget 45,Århus,8200,Denmark,10367,83,7,1996-11-28,3,320,10367,77,7,77,Original Frankfurter grüne Soße,12,2,12 boxes,13.0
320,20,Ernst Handel,Roland Mendel,Kirchgasse 6,Graz,8010,Austria,10368,20,2,1996-11-29,2,321,10368,21,5,21,Sir Rodney's Scones,8,3,24 pkgs. x 4 pieces,10.0
321,20,Ernst Handel,Roland Mendel,Kirchgasse 6,Graz,8010,Austria,10368,20,2,1996-11-29,2,322,10368,28,13,28,Rössle Sauerkraut,12,7,25 - 825 g cans,45.6
322,20,Ernst Handel,Roland Mendel,Kirchgasse 6,Graz,8010,Austria,10368,20,2,1996-11-29,2,323,10368,57,25,57,Ravioli Angelo,26,5,24 - 250 g pkgs.,19.5
323,20,Ernst Handel,Roland Mendel,Kirchgasse 6,Graz,8010,Austria,10368,20,2,1996-11-29,2,324,10368,64,35,64,Wimmers gute Semmelknödel,12,5,20 bags x 4 pieces,33.25
324,75,Split Rail Beer & Ale,Art Braunschweiger,P.O. Box 555,Lander,82520,USA,10369,75,8,1996-12-02,2,325,10369,29,20,29,Thüringer Rostbratwurst,12,6,50 bags x 30 sausgs.,123.79
325,75,Split Rail Beer & Ale,Art Braunschweiger,P.O. Box 555,Lander,82520,USA,10369,75,8,1996-12-02,2,326,10369,56,18,56,Gnocchi di nonna Alice,26,5,24 - 250 g pkgs.,38.0
326,14,Chop-suey Chinese,Yang Wang,Hauptstr. 29,Bern,3012,Switzerland,10370,14,6,1996-12-03,2,327,10370,1,15,1,Chais,1,1,10 boxes x 20 bags,18.0
327,14,Chop-suey Chinese,Yang Wang,Hauptstr. 29,Bern,3012,Switzerland,10370,14,6,1996-12-03,2,328,10370,64,30,64,Wimmers gute Semmelknödel,12,5,20 bags x 4 pieces,33.25
328,14,Chop-suey Chinese,Yang Wang,Hauptstr. 29,Bern,3012,Switzerland,10370,14,6,1996-12-03,2,329,10370,74,20,74,Longlife Tofu,4,7,5 kg pkg.,10.0
329,41,La maison d'Asie,Annette Roulet,1 rue Alsace-Lorraine,Toulouse,31000,France,10371,41,1,1996-12-03,1,330,10371,36,6,36,Inlagd Sill,17,8,24 - 250 g jars,19.0
330,62,Queen Cozinha,Lúcia Carvalho,"Alameda dos Canàrios, 891",São Paulo,05487-020,Brazil,10372,62,5,1996-12-04,2,331,10372,20,12,20,Sir Rodney's Marmalade,8,3,30 gift boxes,81.0
331,62,Queen Cozinha,Lúcia Carvalho,"Alameda dos Canàrios, 891",São Paulo,05487-020,Brazil,10372,62,5,1996-12-04,2,332,10372,38,40,38,Côte de Blaye,18,1,12 - 75 cl bottles,263.5
332,62,Queen Cozinha,Lúcia Carvalho,"Alameda dos Canàrios, 891",São Paulo,05487-020,Brazil,10372,62,5,1996-12-04,2,333,10372,60,70,60,Camembert Pierrot,28,4,15 - 300 g rounds,34.0
333,62,Queen Cozinha,Lúcia Carvalho,"Alameda dos Canàrios, 891",São Paulo,05487-020,Brazil,10372,62,5,1996-12-04,2,334,10372,72,42,72,Mozzarella di Giovanni,14,4,24 - 200 g pkgs.,34.8
334,37,Hungry Owl All-Night Grocers,Patricia McKenna,8 Johnstown Road,Cork,,Ireland,10373,37,4,1996-12-05,3,335,10373,58,80,58,Escargots de Bourgogne,27,8,24 pieces,13.25
335,37,Hungry Owl All-Night Grocers,Patricia McKenna,8 Johnstown Road,Cork,,Ireland,10373,37,4,1996-12-05,3,336,10373,71,50,71,Fløtemysost,15,4,10 - 500 g pkgs.,21.5
336,91,Wolski,Zbyszek,ul. Filtrowa 68,Walla,01-012,Poland,10374,91,1,1996-12-05,3,337,10374,31,30,31,Gorgonzola Telino,14,4,12 - 100 g pkgs,12.5
337,91,Wolski,Zbyszek,ul. Filtrowa 68,Walla,01-012,Poland,10374,91,1,1996-12-05,3,338,10374,58,15,58,Escargots de Bourgogne,27,8,24 pieces,13.25
338,36,Hungry Coyote Import Store,Yoshi Latimer,City Center Plaza 516 Main St.,Elgin,97827,USA,10375,36,3,1996-12-06,2,339,10375,14,15,14,Tofu,6,7,40 - 100 g pkgs.,23.25
339,36,Hungry Coyote Import Store,Yoshi Latimer,City Center Plaza 516 Main St.,Elgin,97827,USA,10375,36,3,1996-12-06,2,340,10375,54,10,54,Tourtière,25,6,16 pies,7.45
340,51,Mère Paillarde,Jean Fresnière,43 rue St. Laurent,Montréal,H1J 1C3,Canada,10376,51,1,1996-12-09,2,341,10376,31,42,31,Gorgonzola Telino,14,4,12 - 100 g pkgs,12.5
341,72,Seven Seas Imports,Hari Kumar,90 Wadhurst Rd.,London,OX15 4NB,UK,10377,72,1,1996-12-09,3,342,10377,28,20,28,Rössle Sauerkraut,12,7,25 - 825 g cans,45.6
342,72,Seven Seas Imports,Hari Kumar,90 Wadhurst Rd.,London,OX15 4NB,UK,10377,72,1,1996-12-09,3,343,10377,39,20,39,Chartreuse verte,18,1,750 cc per bottle,18.0
343,24,Folk och fä HB,Maria Larsson,Åkergatan 24,Bräcke,S-844 67,Sweden,10378,24,5,1996-12-10,3,344,10378,71,6,71,Fløtemysost,15,4,10 - 500 g pkgs.,21.5
344,61,Que Delícia,Bernardo Batista,"Rua da Panificadora, 12",Rio de Janeiro,02389-673,Brazil,10379,61,2,1996-12-11,1,345,10379,41,8,41,Jack's New England Clam Chowder,19,8,12 - 12 oz cans,9.65
345,61,Que Delícia,Bernardo Batista,"Rua da Panificadora, 12",Rio de Janeiro,02389-673,Brazil,10379,61,2,1996-12-11,1,346,10379,63,16,63,Vegie-spread,7,2,15 - 625 g jars,43.9
346,61,Que Delícia,Bernardo Batista,"Rua da Panificadora, 12",Rio de Janeiro,02389-673,Brazil,10379,61,2,1996-12-11,1,347,10379,65,20,65,Louisiana Fiery Hot Pepper Sauce,2,2,32 - 8 oz bottles,21.05
347,37,Hungry Owl All-Night Grocers,Patricia McKenna,8 Johnstown Road,Cork,,Ireland,10380,37,8,1996-12-12,3,348,10380,30,18,30,Nord-Ost Matjeshering,13,8,10 - 200 g glasses,25.89
348,37,Hungry Owl All-Night Grocers,Patricia McKenna,8 Johnstown Road,Cork,,Ireland,10380,37,8,1996-12-12,3,349,10380,53,20,53,Perth Pasties,24,6,48 pieces,32.8
349,37,Hungry Owl All-Night Grocers,Patricia McKenna,8 Johnstown Road,Cork,,Ireland,10380,37,8,1996-12-12,3,350,10380,60,6,60,Camembert Pierrot,28,4,15 - 300 g rounds,34.0
350,37,Hungry Owl All-Night Grocers,Patricia McKenna,8 Johnstown Road,Cork,,Ireland,10380,37,8,1996-12-12,3,351,10380,70,30,70,Outback Lager,7,1,24 - 355 ml bottles,15.0
351,46,LILA-Supermercado,Carlos González,Carrera 52 con Ave. Bolívar #65-98 Llano Largo,Barquisimeto,3508,Venezuela,10381,46,3,1996-12-12,3,352,10381,74,14,74,Longlife Tofu,4,7,5 kg pkg.,10.0
352,20,Ernst Handel,Roland Mendel,Kirchgasse 6,Graz,8010,Austria,10382,20,4,1996-12-13,1,353,10382,5,32,5,Chef Anton's Gumbo Mix,2,2,36 boxes,21.35
353,20,Ernst Handel,Roland Mendel,Kirchgasse 6,Graz,8010,Austria,10382,20,4,1996-12-13,1,354,10382,18,9,18,Carnarvon Tigers,7,8,16 kg pkg.,62.5
354,20,Ernst Handel,Roland Mendel,Kirchgasse 6,Graz,8010,Austria,10382,20,4,1996-12-13,1,355,10382,29,14,29,Thüringer Rostbratwurst,12,6,50 bags x 30 sausgs.,123.79
355,20,Ernst Handel,Roland Mendel,Kirchgasse 6,Graz,8010,Austria,10382,20,4,1996-12-13,1,356,10382,33,60,33,Geitost,15,4,500 g,2.5
356,20,Ernst Handel,Roland Mendel,Kirchgasse 6,Graz,8010,Austria,10382,20,4,1996-12-13,1,357,10382,74,50,74,Longlife Tofu,4,7,5 kg pkg.,10.0
357,4,Around the Horn,Thomas Hardy,120 Hanover Sq.,London,WA1 1DP,UK,10383,4,8,1996-12-16,3,358,10383,13,20,13,Konbu,6,8,2 kg box,6.0
358,4,Around the Horn,Thomas Hardy,120 Hanover Sq.,London,WA1 1DP,UK,10383,4,8,1996-12-16,3,359,10383,50,15,50,Valkoinen suklaa,23,3,12 - 100 g bars,16.25
359,4,Around the Horn,Thomas Hardy,120 Hanover Sq.,London,WA1 1DP,UK,10383,4,8,1996-12-16,3,360,10383,56,20,56,Gnocchi di nonna Alice,26,5,24 - 250 g pkgs.,38.0
360,5,Berglunds snabbköp,Christina Berglund,Berguvsvägen 8,Luleå,S-958 22,Sweden,10384,5,3,1996-12-16,3,361,10384,20,28,20,Sir Rodney's Marmalade,8,3,30 gift boxes,81.0
361,5,Berglunds snabbköp,Christina Berglund,Berguvsvägen 8,Luleå,S-958 22,Sweden,10384,5,3,1996-12-16,3,362,10384,60,15,60,Camembert Pierrot,28,4,15 - 300 g rounds,34.0
362,75,Split Rail Beer & Ale,Art Braunschweiger,P.O. Box 555,Lander,82520,USA,10385,75,1,1996-12-17,2,363,10385,7,10,7,Uncle Bob's Organic Dried Pears,3,7,12 - 1 lb pkgs.,30.0
363,75,Split Rail Beer & Ale,Art Braunschweiger,P.O. Box 555,Lander,82520,USA,10385,75,1,1996-12-17,2,364,10385,60,20,60,Camembert Pierrot,28,4,15 - 300 g rounds,34.0
364,75,Split Rail Beer & Ale,Art Braunschweiger,P.O. Box 555,Lander,82520,USA,10385,75,1,1996-12-17,2,365,10385,68,8,68,Scottish Longbreads,8,3,10 boxes x 8 pieces,12.5
365,21,Familia Arquibaldo,Aria Cruz,"Rua Orós, 92",São Paulo,05442-030,Brazil,10386,21,9,1996-12-18,3,366,10386,24,15,24,Guaraná Fantástica,10,1,12 - 355 ml cans,4.5
366,21,Familia Arquibaldo,Aria Cruz,"Rua Orós, 92",São Paulo,05442-030,Brazil,10386,21,9,1996-12-18,3,367,10386,34,10,34,Sasquatch Ale,16,1,24 - 12 oz bottles,14.0
367,70,Santé Gourmet,Jonas Bergulfsen,Erling Skakkes gate 78,Stavern,4110,Norway,10387,70,1,1996-12-18,2,368,10387,24,15,24,Guaraná Fantástica,10,1,12 - 355 ml cans,4.5
368,70,Santé Gourmet,Jonas Bergulfsen,Erling Skakkes gate 78,Stavern,4110,Norway,10387,70,1,1996-12-18,2,369,10387,28,6,28,Rössle Sauerkraut,12,7,25 - 825 g cans,45.6
369,70,Santé Gourmet,Jonas Bergulfsen,Erling Skakkes gate 78,Stavern,4110,Norway,10387,70,1,1996-12-18,2,370,10387,59,12,59,Raclette Courdavault,28,4,5 kg pkg.,55.0
370,70,Santé Gourmet,Jonas Bergulfsen,Erling Skakkes gate 78,Stavern,4110,Norway,10387,70,1,1996-12-18,2,371,10387,71,15,71,Fløtemysost,15,4,10 - 500 g pkgs.,21.5
371,72,Seven Seas Imports,Hari Kumar,90 Wadhurst Rd.,London,OX15 4NB,UK,10388,72,2,1996-12-19,1,372,10388,45,15,45,Røgede sild,21,8,1k pkg.,9.5
372,72,Seven Seas Imports,Hari Kumar,90 Wadhurst Rd.,London,OX15 4NB,UK,10388,72,2,1996-12-19,1,373,10388,52,20,52,Filo Mix,24,5,16 - 2 kg boxes,7.0
373,72,Seven Seas Imports,Hari Kumar,90 Wadhurst Rd.,London,OX15 4NB,UK,10388,72,2,1996-12-19,1,374,10388,53,40,53,Perth Pasties,24,6,48 pieces,32.8
374,10,Bottom-Dollar Marketse,Elizabeth Lincoln,23 Tsawassen Blvd.,Tsawassen,T2F 8M4,Canada,10389,10,4,1996-12-20,2,375,10389,10,16,10,Ikura,4,8,12 - 200 ml jars,31.0
375,10,Bottom-Dollar Marketse,Elizabeth Lincoln,23 Tsawassen Blvd.,Tsawassen,T2F 8M4,Canada,10389,10,4,1996-12-20,2,376,10389,55,15,55,Pâté chinois,25,6,24 boxes x 2 pies,24.0
376,10,Bottom-Dollar Marketse,Elizabeth Lincoln,23 Tsawassen Blvd.,Tsawassen,T2F 8M4,Canada,10389,10,4,1996-12-20,2,377,10389,62,20,62,Tarte au sucre,29,3,48 pies,49.3
377,10,Bottom-Dollar Marketse,Elizabeth Lincoln,23 Tsawassen Blvd.,Tsawassen,T2F 8M4,Canada,10389,10,4,1996-12-20,2,378,10389,70,30,70,Outback Lager,7,1,24 - 355 ml bottles,15.0
378,20,Ernst Handel,Roland Mendel,Kirchgasse 6,Graz,8010,Austria,10390,20,6,1996-12-23,1,379,10390,31,60,31,Gorgonzola Telino,14,4,12 - 100 g pkgs,12.5
379,20,Ernst Handel,Roland Mendel,Kirchgasse 6,Graz,8010,Austria,10390,20,6,1996-12-23,1,380,10390,35,40,35,Steeleye Stout,16,1,24 - 12 oz bottles,18.0
380,20,Ernst Handel,Roland Mendel,Kirchgasse 6,Graz,8010,Austria,10390,20,6,1996-12-23,1,381,10390,46,45,46,Spegesild,21,8,4 - 450 g glasses,12.0
381,20,Ernst Handel,Roland Mendel,Kirchgasse 6,Graz,8010,Austria,10390,20,6,1996-12-23,1,382,10390,72,24,72,Mozzarella di Giovanni,14,4,24 - 200 g pkgs.,34.8
382,17,Drachenblut Delikatessend,Sven Ottlieb,Walserweg 21,Aachen,52066,Germany,10391,17,3,1996-12-23,3,383,10391,13,18,13,Konbu,6,8,2 kg box,6.0
383,59,Piccolo und mehr,Georg Pipps,Geislweg 14,Salzburg,5020,Austria,10392,59,2,1996-12-24,3,384,10392,69,50,69,Gudbrandsdalsost,15,4,10 kg pkg.,36.0
384,71,Save-a-lot Markets,Jose Pavarotti,187 Suffolk Ln.,Boise,83720,USA,10393,71,1,1996-12-25,3,385,10393,2,25,2,Chang,1,1,24 - 12 oz bottles,19.0
385,71,Save-a-lot Markets,Jose Pavarotti,187 Suffolk Ln.,Boise,83720,USA,10393,71,1,1996-12-25,3,386,10393,14,42,14,Tofu,6,7,40 - 100 g pkgs.,23.25
386,71,Save-a-lot Markets,Jose Pavarotti,187 Suffolk Ln.,Boise,83720,USA,10393,71,1,1996-12-25,3,387,10393,25,7,25,NuNuCa Nuß-Nougat-Creme,11,3,20 - 450 g glasses,14.0
387,71,Save-a-lot Markets,Jose Pavarotti,187 Suffolk Ln.,Boise,83720,USA,10393,71,1,1996-12-25,3,388,10393,26,70,26,Gumbär Gummibärchen,11,3,100 - 250 g bags,31.23
388,71,Save-a-lot Markets,Jose Pavarotti,187 Suffolk Ln.,Boise,83720,USA,10393,71,1,1996-12-25,3,389,10393,31,32,31,Gorgonzola Telino,14,4,12 - 100 g pkgs,12.5
389,36,Hungry Coyote Import Store,Yoshi Latimer,City Center Plaza 516 Main St.,Elgin,97827,USA,10394,36,1,1996-12-25,3,390,10394,13,10,13,Konbu,6,8,2 kg box,6.0
390,36,Hungry Coyote Import Store,Yoshi Latimer,City Center Plaza 516 Main St.,Elgin,97827,USA,10394,36,1,1996-12-25,3,391,10394,62,10,62,Tarte au sucre,29,3,48 pies,49.3
391,35,HILARIÓN-Abastos,Carlos Hernández,Carrera 22 con Ave. Carlos Soublette #8-35,San Cristóbal,5022,Venezuela,10395,35,6,1996-12-26,1,392,10395,46,28,46,Spegesild,21,8,4 - 450 g glasses,12.0
392,35,HILARIÓN-Abastos,Carlos Hernández,Carrera 22 con Ave. Carlos Soublette #8-35,San Cristóbal,5022,Venezuela,10395,35,6,1996-12-26,1,393,10395,53,70,53,Perth Pasties,24,6,48 pieces,32.8
393,35,HILARIÓN-Abastos,Carlos Hernández,Carrera 22 con Ave. Carlos Soublette #8-35,San Cristóbal,5022,Venezuela,10395,35,6,1996-12-26,1,394,10395,69,8,69,Gudbrandsdalsost,15,4,10 kg pkg.,36.0
394,25,Frankenversand,Peter Franken,Berliner Platz 43,München,80805,Germany,10396,25,1,1996-12-27,3,395,10396,23,40,23,Tunnbröd,9,5,12 - 250 g pkgs.,9.0
395,25,Frankenversand,Peter Franken,Berliner Platz 43,München,80805,Germany,10396,25,1,1996-12-27,3,396,10396,71,60,71,Fløtemysost,15,4,10 - 500 g pkgs.,21.5
396,25,Frankenversand,Peter Franken,Berliner Platz 43,München,80805,Germany,10396,25,1,1996-12-27,3,397,10396,72,21,72,Mozzarella di Giovanni,14,4,24 - 200 g pkgs.,34.8
397,60,Princesa Isabel Vinhoss,Isabel de Castro,Estrada da saúde n. 58,Lisboa,1756,Portugal,10397,60,5,1996-12-27,1,398,10397,21,10,21,Sir Rodney's Scones,8,3,24 pkgs. x 4 pieces,10.0
398,60,Princesa Isabel Vinhoss,Isabel de Castro,Estrada da saúde n. 58,Lisboa,1756,Portugal,10397,60,5,1996-12-27,1,399,10397,51,18,51,Manjimup Dried Apples,24,7,50 - 300 g pkgs.,53.0
399,71,Save-a-lot Markets,Jose Pavarotti,187 Suffolk Ln.,Boise,83720,USA,10398,71,2,1996-12-30,3,400,10398,35,30,35,Steeleye Stout,16,1,24 - 12 oz bottles,18.0
400,71,Save-a-lot Markets,Jose Pavarotti,187 Suffolk Ln.,Boise,83720,USA,10398,71,2,1996-12-30,3,401,10398,55,120,55,Pâté chinois,25,6,24 boxes x 2 pies,24.0
401,83,Vaffeljernet,Palle Ibsen,Smagsløget 45,Århus,8200,Denmark,10399,83,8,1996-12-31,3,402,10399,68,60,68,Scottish Longbreads,8,3,10 boxes x 8 pieces,12.5
402,83,Vaffeljernet,Palle Ibsen,Smagsløget 45,Århus,8200,Denmark,10399,83,8,1996-12-31,3,403,10399,71,30,71,Fløtemysost,15,4,10 - 500 g pkgs.,21.5
403,83,Vaffeljernet,Palle Ibsen,Smagsløget 45,Århus,8200,Denmark,10399,83,8,1996-12-31,3,404,10399,76,35,76,Lakkalikööri,23,1,500 ml,18.0
404,83,Vaffeljernet,Palle Ibsen,Smagsløget 45,Århus,8200,Denmark,10399,83,8,1996-12-31,3,405,10399,77,14,77,Original Frankfurter grüne Soße,12,2,12 boxes,13.0
405,19,Eastern Connection,Ann Devon,35 King George,London,WX3 6FW,UK,10400,19,1,1997-01-01,3,406,10400,29,21,29,Thüringer Rostbratwurst,12,6,50 bags x 30 sausgs.,123.79
406,19,Eastern Connection,Ann Devon,35 King George,London,WX3 6FW,UK,10400,19,1,1997-01-01,3,407,10400,35,35,35,Steeleye Stout,16,1,24 - 12 oz bottles,18.0
407,19,Eastern Connection,Ann Devon,35 King George,London,WX3 6FW,UK,10400,19,1,1997-01-01,3,408,10400,49,30,49,Maxilaku,23,3,24 - 50 g pkgs.,20.0
408,65,Rattlesnake Canyon Grocery,Paula Wilson,2817 Milton Dr.,Albuquerque,87110,USA,10401,65,1,1997-01-01,1,409,10401,30,18,30,Nord-Ost Matjeshering,13,8,10 - 200 g glasses,25.89
409,65,Rattlesnake Canyon Grocery,Paula Wilson,2817 Milton Dr.,Albuquerque,87110,USA,10401,65,1,1997-01-01,1,410,10401,56,70,56,Gnocchi di nonna Alice,26,5,24 - 250 g pkgs.,38.0
410,65,Rattlesnake Canyon Grocery,Paula Wilson,2817 Milton Dr.,Albuquerque,87110,USA,10401,65,1,1997-01-01,1,411,10401,65,20,65,Louisiana Fiery Hot Pepper Sauce,2,2,32 - 8 oz bottles,21.05
411,65,Rattlesnake Canyon Grocery,Paula Wilson,2817 Milton Dr.,Albuquerque,87110,USA,10401,65,1,1997-01-01,1,412,10401,71,60,71,Fløtemysost,15,4,10 - 500 g pkgs.,21.5
412,20,Ernst Handel,Roland Mendel,Kirchgasse 6,Graz,8010,Austria,10402,20,8,1997-01-02,2,413,10402,23,60,23,Tunnbröd,9,5,12 - 250 g pkgs.,9.0
413,20,Ernst Handel,Roland Mendel,Kirchgasse 6,Graz,8010,Austria,10402,20,8,1997-01-02,2,414,10402,63,65,63,Vegie-spread,7,2,15 - 625 g jars,43.9
414,20,Ernst Handel,Roland Mendel,Kirchgasse 6,Graz,8010,Austria,10403,20,4,1997-01-03,3,415,10403,16,21,16,Pavlova,7,3,32 - 500 g boxes,17.45
415,20,Ernst Handel,Roland Mendel,Kirchgasse 6,Graz,8010,Austria,10403,20,4,1997-01-03,3,416,10403,48,70,48,Chocolade,22,3,10 pkgs.,12.75
416,49,Magazzini Alimentari Riuniti,Giovanni Rovelli,Via Ludovico il Moro 22,Bergamo,24100,Italy,10404,49,2,1997-01-03,1,417,10404,26,30,26,Gumbär Gummibärchen,11,3,100 - 250 g bags,31.23
417,49,Magazzini Alimentari Riuniti,Giovanni Rovelli,Via Ludovico il Moro 22,Bergamo,24100,Italy,10404,49,2,1997-01-03,1,418,10404,42,40,42,Singaporean Hokkien Fried Mee,20,5,32 - 1 kg pkgs.,14.0
418,49,Magazzini Alimentari Riuniti,Giovanni Rovelli,Via Ludovico il Moro 22,Bergamo,24100,Italy,10404,49,2,1997-01-03,1,419,10404,49,30,49,Maxilaku,23,3,24 - 50 g pkgs.,20.0
419,47,LINO-Delicateses,Felipe Izquierdo,Ave. 5 de Mayo Porlamar,I. de Margarita,4980,Venezuela,10405,47,1,1997-01-06,1,420,10405,3,50,3,Aniseed Syrup,1,2,12 - 550 ml bottles,10.0
420,62,Queen Cozinha,Lúcia Carvalho,"Alameda dos Canàrios, 891",São Paulo,05487-020,Brazil,10406,62,7,1997-01-07,1,421,10406,1,10,1,Chais,1,1,10 boxes x 20 bags,18.0
421,62,Queen Cozinha,Lúcia Carvalho,"Alameda dos Canàrios, 891",São Paulo,05487-020,Brazil,10406,62,7,1997-01-07,1,422,10406,21,30,21,Sir Rodney's Scones,8,3,24 pkgs. x 4 pieces,10.0
422,62,Queen Cozinha,Lúcia Carvalho,"Alameda dos Canàrios, 891",São Paulo,05487-020,Brazil,10406,62,7,1997-01-07,1,423,10406,28,42,28,Rössle Sauerkraut,12,7,25 - 825 g cans,45.6
423,62,Queen Cozinha,Lúcia Carvalho,"Alameda dos Canàrios, 891",São Paulo,05487-020,Brazil,10406,62,7,1997-01-07,1,424,10406,36,5,36,Inlagd Sill,17,8,24 - 250 g jars,19.0
424,62,Queen Cozinha,Lúcia Carvalho,"Alameda dos Canàrios, 891",São Paulo,05487-020,Brazil,10406,62,7,1997-01-07,1,425,10406,40,2,40,Boston Crab Meat,19,8,24 - 4 oz tins,18.4
425,56,Ottilies Käseladen,Henriette Pfalzheim,Mehrheimerstr. 369,Köln,50739,Germany,10407,56,2,1997-01-07,2,426,10407,11,30,11,Queso Cabrales,5,4,1 kg pkg.,21.0
426,56,Ottilies Käseladen,Henriette Pfalzheim,Mehrheimerstr. 369,Köln,50739,Germany,10407,56,2,1997-01-07,2,427,10407,69,15,69,Gudbrandsdalsost,15,4,10 kg pkg.,36.0
427,56,Ottilies Käseladen,Henriette Pfalzheim,Mehrheimerstr. 369,Köln,50739,Germany,10407,56,2,1997-01-07,2,428,10407,71,15,71,Fløtemysost,15,4,10 - 500 g pkgs.,21.5
428,23,Folies gourmandes,Martine Rancé,"184, chaussée de Tournai",Lille,59000,France,10408,23,8,1997-01-08,1,429,10408,37,10,37,Gravad lax,17,8,12 - 500 g pkgs.,26.0
429,23,Folies gourmandes,Martine Rancé,"184, chaussée de Tournai",Lille,59000,France,10408,23,8,1997-01-08,1,430,10408,54,6,54,Tourtière,25,6,16 pies,7.45
430,23,Folies gourmandes,Martine Rancé,"184, chaussée de Tournai",Lille,59000,France,10408,23,8,1997-01-08,1,431,10408,62,35,62,Tarte au sucre,29,3,48 pies,49.3
431,54,Océano Atlántico Ltda.,Yvonne Moncada,Ing. Gustavo Moncada 8585 Piso 20-A,Buenos Aires,1010,Argentina,10409,54,3,1997-01-09,1,432,10409,14,12,14,Tofu,6,7,40 - 100 g pkgs.,23.25
432,54,Océano Atlántico Ltda.,Yvonne Moncada,Ing. Gustavo Moncada 8585 Piso 20-A,Buenos Aires,1010,Argentina,10409,54,3,1997-01-09,1,433,10409,21,12,21,Sir Rodney's Scones,8,3,24 pkgs. x 4 pieces,10.0
433,10,Bottom-Dollar Marketse,Elizabeth Lincoln,23 Tsawassen Blvd.,Tsawassen,T2F 8M4,Canada,10410,10,3,1997-01-10,3,434,10410,33,49,33,Geitost,15,4,500 g,2.5
434,10,Bottom-Dollar Marketse,Elizabeth Lincoln,23 Tsawassen Blvd.,Tsawassen,T2F 8M4,Canada,10410,10,3,1997-01-10,3,435,10410,59,16,59,Raclette Courdavault,28,4,5 kg pkg.,55.0
435,10,Bottom-Dollar Marketse,Elizabeth Lincoln,23 Tsawassen Blvd.,Tsawassen,T2F 8M4,Canada,10411,10,9,1997-01-10,3,436,10411,41,25,41,Jack's New England Clam Chowder,19,8,12 - 12 oz cans,9.65
436,10,Bottom-Dollar Marketse,Elizabeth Lincoln,23 Tsawassen Blvd.,Tsawassen,T2F 8M4,Canada,10411,10,9,1997-01-10,3,437,10411,44,40,44,Gula Malacca,20,2,20 - 2 kg bags,19.45
437,10,Bottom-Dollar Marketse,Elizabeth Lincoln,23 Tsawassen Blvd.,Tsawassen,T2F 8M4,Canada,10411,10,9,1997-01-10,3,438,10411,59,9,59,Raclette Courdavault,28,4,5 kg pkg.,55.0
438,87,Wartian Herkku,Pirkko Koskitalo,Torikatu 38,Oulu,90110,Finland,10412,87,8,1997-01-13,2,439,10412,14,20,14,Tofu,6,7,40 - 100 g pkgs.,23.25
439,41,La maison d'Asie,Annette Roulet,1 rue Alsace-Lorraine,Toulouse,31000,France,10413,41,3,1997-01-14,2,440,10413,1,24,1,Chais,1,1,10 boxes x 20 bags,18.0
440,41,La maison d'Asie,Annette Roulet,1 rue Alsace-Lorraine,Toulouse,31000,France,10413,41,3,1997-01-14,2,441,10413,62,40,62,Tarte au sucre,29,3,48 pies,49.3
441,41,La maison d'Asie,Annette Roulet,1 rue Alsace-Lorraine,Toulouse,31000,France,10413,41,3,1997-01-14,2,442,10413,76,14,76,Lakkalikööri,23,1,500 ml,18.0
442,21,Familia Arquibaldo,Aria Cruz,"Rua Orós, 92",São Paulo,05442-030,Brazil,10414,21,2,1997-01-14,3,443,10414,19,18,19,Teatime Chocolate Biscuits,8,3,10 boxes x 12 pieces,9.2
443,21,Familia Arquibaldo,Aria Cruz,"Rua Orós, 92",São Paulo,05442-030,Brazil,10414,21,2,1997-01-14,3,444,10414,33,50,33,Geitost,15,4,500 g,2.5
444,36,Hungry Coyote Import Store,Yoshi Latimer,City Center Plaza 516 Main St.,Elgin,97827,USA,10415,36,3,1997-01-15,1,445,10415,17,2,17,Alice Mutton,7,6,20 - 1 kg tins,39.0
445,36,Hungry Coyote Import Store,Yoshi Latimer,City Center Plaza 516 Main St.,Elgin,97827,USA,10415,36,3,1997-01-15,1,446,10415,33,20,33,Geitost,15,4,500 g,2.5
446,87,Wartian Herkku,Pirkko Koskitalo,Torikatu 38,Oulu,90110,Finland,10416,87,8,1997-01-16,3,447,10416,19,20,19,Teatime Chocolate Biscuits,8,3,10 boxes x 12 pieces,9.2
447,87,Wartian Herkku,Pirkko Koskitalo,Torikatu 38,Oulu,90110,Finland,10416,87,8,1997-01-16,3,448,10416,53,10,53,Perth Pasties,24,6,48 pieces,32.8
448,87,Wartian Herkku,Pirkko Koskitalo,Torikatu 38,Oulu,90110,Finland,10416,87,8,1997-01-16,3,449,10416,57,20,57,Ravioli Angelo,26,5,24 - 250 g pkgs.,19.5
449,73,Simons bistro,Jytte Petersen,Vinbæltet 34,København,1734,Denmark,10417,73,4,1997-01-16,3,450,10417,38,50,38,Côte de Blaye,18,1,12 - 75 cl bottles,263.5
450,73,Simons bistro,Jytte Petersen,Vinbæltet 34,København,1734,Denmark,10417,73,4,1997-01-16,3,451,10417,46,2,46,Spegesild,21,8,4 - 450 g glasses,12.0
451,73,Simons bistro,Jytte Petersen,Vinbæltet 34,København,1734,Denmark,10417,73,4,1997-01-16,3,452,10417,68,36,68,Scottish Longbreads,8,3,10 boxes x 8 pieces,12.5
452,73,Simons bistro,Jytte Petersen,Vinbæltet 34,København,1734,Denmark,10417,73,4,1997-01-16,3,453,10417,77,35,77,Original Frankfurter grüne Soße,12,2,12 boxes,13.0
453,63,QUICK-Stop,Horst Kloss,Taucherstraße 10,Cunewalde,01307,Germany,10418,63,4,1997-01-17,1,454,10418,2,60,2,Chang,1,1,24 - 12 oz bottles,19.0
454,63,QUICK-Stop,Horst Kloss,Taucherstraße 10,Cunewalde,01307,Germany,10418,63,4,1997-01-17,1,455,10418,47,55,47,Zaanse koeken,22,3,10 - 4 oz boxes,9.5
455,63,QUICK-Stop,Horst Kloss,Taucherstraße 10,Cunewalde,01307,Germany,10418,63,4,1997-01-17,1,456,10418,61,16,61,Sirop d'érable,29,2,24 - 500 ml bottles,28.5
456,63,QUICK-Stop,Horst Kloss,Taucherstraße 10,Cunewalde,01307,Germany,10418,63,4,1997-01-17,1,457,10418,74,15,74,Longlife Tofu,4,7,5 kg pkg.,10.0
457,68,Richter Supermarkt,Michael Holz,Grenzacherweg 237,Genève,1203,Switzerland,10419,68,4,1997-01-20,2,458,10419,60,60,60,Camembert Pierrot,28,4,15 - 300 g rounds,34.0
458,68,Richter Supermarkt,Michael Holz,Grenzacherweg 237,Genève,1203,Switzerland,10419,68,4,1997-01-20,2,459,10419,69,20,69,Gudbrandsdalsost,15,4,10 kg pkg.,36.0
459,88,Wellington Importadora,Paula Parente,"Rua do Mercado, 12",Resende,08737-363,Brazil,10420,88,3,1997-01-21,1,460,10420,9,20,9,Mishi Kobe Niku,4,6,18 - 500 g pkgs.,97.0
460,88,Wellington Importadora,Paula Parente,"Rua do Mercado, 12",Resende,08737-363,Brazil,10420,88,3,1997-01-21,1,461,10420,13,2,13,Konbu,6,8,2 kg box,6.0
461,88,Wellington Importadora,Paula Parente,"Rua do Mercado, 12",Resende,08737-363,Brazil,10420,88,3,1997-01-21,1,462,10420,70,8,70,Outback Lager,7,1,24 - 355 ml bottles,15.0
462,88,Wellington Importadora,Paula Parente,"Rua do Mercado, 12",Resende,08737-363,Brazil,10420,88,3,1997-01-21,1,463,10420,73,20,73,Röd Kaviar,17,8,24 - 150 g jars,15.0
463,61,Que Delícia,Bernardo Batista,"Rua da Panificadora, 12",Rio de Janeiro,02389-673,Brazil,10421,61,8,1997-01-21,1,464,10421,19,4,19,Teatime Chocolate Biscuits,8,3,10 boxes x 12 pieces,9.2
464,61,Que Delícia,Bernardo Batista,"Rua da Panificadora, 12",Rio de Janeiro,02389-673,Brazil,10421,61,8,1997-01-21,1,465,10421,26,30,26,Gumbär Gummibärchen,11,3,100 - 250 g bags,31.23
465,61,Que Delícia,Bernardo Batista,"Rua da Panificadora, 12",Rio de Janeiro,02389-673,Brazil,10421,61,8,1997-01-21,1,466,10421,53,15,53,Perth Pasties,24,6,48 pieces,32.8
466,61,Que Delícia,Bernardo Batista,"Rua da Panificadora, 12",Rio de Janeiro,02389-673,Brazil,10421,61,8,1997-01-21,1,467,10421,77,10,77,Original Frankfurter grüne Soße,12,2,12 boxes,13.0
467,27,Franchi S.p.A.,Paolo Accorti,Via Monte Bianco 34,Torino,10100,Italy,10422,27,2,1997-01-22,1,468,10422,26,2,26,Gumbär Gummibärchen,11,3,100 - 250 g bags,31.23
468,31,Gourmet Lanchonetes,André Fonseca,"Av. Brasil, 442",Campinas,04876-786,Brazil,10423,31,6,1997-01-23,3,469,10423,31,14,31,Gorgonzola Telino,14,4,12 - 100 g pkgs,12.5
469,31,Gourmet Lanchonetes,André Fonseca,"Av. Brasil, 442",Campinas,04876-786,Brazil,10423,31,6,1997-01-23,3,470,10423,59,20,59,Raclette Courdavault,28,4,5 kg pkg.,55.0
470,51,Mère Paillarde,Jean Fresnière,43 rue St. Laurent,Montréal,H1J 1C3,Canada,10424,51,7,1997-01-23,2,471,10424,35,60,35,Steeleye Stout,16,1,24 - 12 oz bottles,18.0
471,51,Mère Paillarde,Jean Fresnière,43 rue St. Laurent,Montréal,H1J 1C3,Canada,10424,51,7,1997-01-23,2,472,10424,38,49,38,Côte de Blaye,18,1,12 - 75 cl bottles,263.5
472,51,Mère Paillarde,Jean Fresnière,43 rue St. Laurent,Montréal,H1J 1C3,Canada,10424,51,7,1997-01-23,2,473,10424,68,30,68,Scottish Longbreads,8,3,10 boxes x 8 pieces,12.5
473,41,La maison d'Asie,Annette Roulet,1 rue Alsace-Lorraine,Toulouse,31000,France,10425,41,6,1997-01-24,2,474,10425,55,10,55,Pâté chinois,25,6,24 boxes x 2 pies,24.0
474,41,La maison d'Asie,Annette Roulet,1 rue Alsace-Lorraine,Toulouse,31000,France,10425,41,6,1997-01-24,2,475,10425,76,20,76,Lakkalikööri,23,1,500 ml,18.0
475,29,Galería del gastrónomo,Eduardo Saavedra,"Rambla de Cataluña, 23",Barcelona,08022,Spain,10426,29,4,1997-01-27,1,476,10426,56,5,56,Gnocchi di nonna Alice,26,5,24 - 250 g pkgs.,38.0
476,29,Galería del gastrónomo,Eduardo Saavedra,"Rambla de Cataluña, 23",Barcelona,08022,Spain,10426,29,4,1997-01-27,1,477,10426,64,7,64,Wimmers gute Semmelknödel,12,5,20 bags x 4 pieces,33.25
477,59,Piccolo und mehr,Georg Pipps,Geislweg 14,Salzburg,5020,Austria,10427,59,4,1997-01-27,2,478,10427,14,35,14,Tofu,6,7,40 - 100 g pkgs.,23.25
478,66,Reggiani Caseifici,Maurizio Moroni,Strada Provinciale 124,Reggio Emilia,42100,Italy,10428,66,7,1997-01-28,1,479,10428,46,20,46,Spegesild,21,8,4 - 450 g glasses,12.0
479,37,Hungry Owl All-Night Grocers,Patricia McKenna,8 Johnstown Road,Cork,,Ireland,10429,37,3,1997-01-29,2,480,10429,50,40,50,Valkoinen suklaa,23,3,12 - 100 g bars,16.25
480,37,Hungry Owl All-Night Grocers,Patricia McKenna,8 Johnstown Road,Cork,,Ireland,10429,37,3,1997-01-29,2,481,10429,63,35,63,Vegie-spread,7,2,15 - 625 g jars,43.9
481,20,Ernst Handel,Roland Mendel,Kirchgasse 6,Graz,8010,Austria,10430,20,4,1997-01-30,1,482,10430,17,45,17,Alice Mutton,7,6,20 - 1 kg tins,39.0
482,20,Ernst Handel,Roland Mendel,Kirchgasse 6,Graz,8010,Austria,10430,20,4,1997-01-30,1,483,10430,21,50,21,Sir Rodney's Scones,8,3,24 pkgs. x 4 pieces,10.0
483,20,Ernst Handel,Roland Mendel,Kirchgasse 6,Graz,8010,Austria,10430,20,4,1997-01-30,1,484,10430,56,30,56,Gnocchi di nonna Alice,26,5,24 - 250 g pkgs.,38.0
484,20,Ernst Handel,Roland Mendel,Kirchgasse 6,Graz,8010,Austria,10430,20,4,1997-01-30,1,485,10430,59,70,59,Raclette Courdavault,28,4,5 kg pkg.,55.0
485,10,Bottom-Dollar Marketse,Elizabeth Lincoln,23 Tsawassen Blvd.,Tsawassen,T2F 8M4,Canada,10431,10,4,1997-01-30,2,486,10431,17,50,17,Alice Mutton,7,6,20 - 1 kg tins,39.0
486,10,Bottom-Dollar Marketse,Elizabeth Lincoln,23 Tsawassen Blvd.,Tsawassen,T2F 8M4,Canada,10431,10,4,1997-01-30,2,487,10431,40,50,40,Boston Crab Meat,19,8,24 - 4 oz tins,18.4
487,10,Bottom-Dollar Marketse,Elizabeth Lincoln,23 Tsawassen Blvd.,Tsawassen,T2F 8M4,Canada,10431,10,4,1997-01-30,2,488,10431,47,30,47,Zaanse koeken,22,3,10 - 4 oz boxes,9.5
488,75,Split Rail Beer & Ale,Art Braunschweiger,P.O. Box 555,Lander,82520,USA,10432,75,3,1997-01-31,2,489,10432,26,10,26,Gumbär Gummibärchen,11,3,100 - 250 g bags,31.23
489,75,Split Rail Beer & Ale,Art Braunschweiger,P.O. Box 555,Lander,82520,USA,10432,75,3,1997-01-31,2,490,10432,54,40,54,Tourtière,25,6,16 pies,7.45
490,60,Princesa Isabel Vinhoss,Isabel de Castro,Estrada da saúde n. 58,Lisboa,1756,Portugal,10433,60,3,1997-02-03,3,491,10433,56,28,56,Gnocchi di nonna Alice,26,5,24 - 250 g pkgs.,38.0
491,24,Folk och fä HB,Maria Larsson,Åkergatan 24,Bräcke,S-844 67,Sweden,10434,24,3,1997-02-03,2,492,10434,11,6,11,Queso Cabrales,5,4,1 kg pkg.,21.0
492,24,Folk och fä HB,Maria Larsson,Åkergatan 24,Bräcke,S-844 67,Sweden,10434,24,3,1997-02-03,2,493,10434,76,18,76,Lakkalikööri,23,1,500 ml,18.0
493,16,Consolidated Holdings,Elizabeth Brown,Berkeley Gardens 12 Brewery,London,WX1 6LT,UK,10435,16,8,1997-02-04,2,494,10435,2,10,2,Chang,1,1,24 - 12 oz bottles,19.0
494,16,Consolidated Holdings,Elizabeth Brown,Berkeley Gardens 12 Brewery,London,WX1 6LT,UK,10435,16,8,1997-02-04,2,495,10435,22,12,22,Gustaf's Knäckebröd,9,5,24 - 500 g pkgs.,21.0
495,16,Consolidated Holdings,Elizabeth Brown,Berkeley Gardens 12 Brewery,London,WX1 6LT,UK,10435,16,8,1997-02-04,2,496,10435,72,10,72,Mozzarella di Giovanni,14,4,24 - 200 g pkgs.,34.8
496,7,Blondel père et fils,Frédérique Citeaux,"24, place Kléber",Strasbourg,67000,France,10436,7,3,1997-02-05,2,497,10436,46,5,46,Spegesild,21,8,4 - 450 g glasses,12.0
497,7,Blondel père et fils,Frédérique Citeaux,"24, place Kléber",Strasbourg,67000,France,10436,7,3,1997-02-05,2,498,10436,56,40,56,Gnocchi di nonna Alice,26,5,24 - 250 g pkgs.,38.0
498,7,Blondel père et fils,Frédérique Citeaux,"24, place Kléber",Strasbourg,67000,France,10436,7,3,1997-02-05,2,499,10436,64,30,64,Wimmers gute Semmelknödel,12,5,20 bags x 4 pieces,33.25
499,7,Blondel père et fils,Frédérique Citeaux,"24, place Kléber",Strasbourg,67000,France,10436,7,3,1997-02-05,2,500,10436,75,24,75,Rhönbräu Klosterbier,12,1,24 - 0.5 l bottles,7.75
500,87,Wartian Herkku,Pirkko Koskitalo,Torikatu 38,Oulu,90110,Finland,10437,87,8,1997-02-05,1,501,10437,53,15,53,Perth Pasties,24,6,48 pieces,32.8
501,79,Toms Spezialitäten,Karin Josephs,Luisenstr. 48,Münster,44087,Germany,10438,79,3,1997-02-06,2,502,10438,19,15,19,Teatime Chocolate Biscuits,8,3,10 boxes x 12 pieces,9.2
502,79,Toms Spezialitäten,Karin Josephs,Luisenstr. 48,Münster,44087,Germany,10438,79,3,1997-02-06,2,503,10438,34,20,34,Sasquatch Ale,16,1,24 - 12 oz bottles,14.0
503,79,Toms Spezialitäten,Karin Josephs,Luisenstr. 48,Münster,44087,Germany,10438,79,3,1997-02-06,2,504,10438,57,15,57,Ravioli Angelo,26,5,24 - 250 g pkgs.,19.5
504,51,Mère Paillarde,Jean Fresnière,43 rue St. Laurent,Montréal,H1J 1C3,Canada,10439,51,6,1997-02-07,3,505,10439,12,15,12,Queso Manchego La Pastora,5,4,10 - 500 g pkgs.,38.0
505,51,Mère Paillarde,Jean Fresnière,43 rue St. Laurent,Montréal,H1J 1C3,Canada,10439,51,6,1997-02-07,3,506,10439,16,16,16,Pavlova,7,3,32 - 500 g boxes,17.45
506,51,Mère Paillarde,Jean Fresnière,43 rue St. Laurent,Montréal,H1J 1C3,Canada,10439,51,6,1997-02-07,3,507,10439,64,6,64,Wimmers gute Semmelknödel,12,5,20 bags x 4 pieces,33.25
507,51,Mère Paillarde,Jean Fresnière,43 rue St. Laurent,Montréal,H1J 1C3,Canada,10439,51,6,1997-02-07,3,508,10439,74,30,74,Longlife Tofu,4,7,5 kg pkg.,10.0
508,71,Save-a-lot Markets,Jose Pavarotti,187 Suffolk Ln.,Boise,83720,USA,10440,71,4,1997-02-10,2,509,10440,2,45,2,Chang,1,1,24 - 12 oz bottles,19.0
509,71,Save-a-lot Markets,Jose Pavarotti,187 Suffolk Ln.,Boise,83720,USA,10440,71,4,1997-02-10,2,510,10440,16,49,16,Pavlova,7,3,32 - 500 g boxes,17.45
510,71,Save-a-lot Markets,Jose Pavarotti,187 Suffolk Ln.,Boise,83720,USA,10440,71,4,1997-02-10,2,511,10440,29,24,29,Thüringer Rostbratwurst,12,6,50 bags x 30 sausgs.,123.79
511,71,Save-a-lot Markets,Jose Pavarotti,187 Suffolk Ln.,Boise,83720,USA,10440,71,4,1997-02-10,2,512,10440,61,90,61,Sirop d'érable,29,2,24 - 500 ml bottles,28.5
512,55,Old World Delicatessen,Rene Phillips,2743 Bering St.,Anchorage,99508,USA,10441,55,3,1997-02-10,2,513,10441,27,50,27,Schoggi Schokolade,11,3,100 - 100 g pieces,43.9
513,20,Ernst Handel,Roland Mendel,Kirchgasse 6,Graz,8010,Austria,10442,20,3,1997-02-11,2,514,10442,11,30,11,Queso Cabrales,5,4,1 kg pkg.,21.0
514,20,Ernst Handel,Roland Mendel,Kirchgasse 6,Graz,8010,Austria,10442,20,3,1997-02-11,2,515,10442,54,80,54,Tourtière,25,6,16 pies,7.45
515,20,Ernst Handel,Roland Mendel,Kirchgasse 6,Graz,8010,Austria,10442,20,3,1997-02-11,2,516,10442,66,60,66,Louisiana Hot Spiced Okra,2,2,24 - 8 oz jars,17.0
516,66,Reggiani Caseifici,Maurizio Moroni,Strada Provinciale 124,Reggio Emilia,42100,Italy,10443,66,8,1997-02-12,1,517,10443,11,6,11,Queso Cabrales,5,4,1 kg pkg.,21.0
517,66,Reggiani Caseifici,Maurizio Moroni,Strada Provinciale 124,Reggio Emilia,42100,Italy,10443,66,8,1997-02-12,1,518,10443,28,12,28,Rössle Sauerkraut,12,7,25 - 825 g cans,45.6
